#
# A fatal error has been detected by the Java Runtime Environment:
#
#  EXCEPTION_ACCESS_VIOLATION (0xc0000005) at pc=0x00007ff967107d48, pid=2960, tid=4860
#
# JRE version: Java(TM) SE Runtime Environment (21.0.9+7) (build 21.0.9+7-LTS-338)
# Java VM: Java HotSpot(TM) 64-Bit Server VM (21.0.9+7-LTS-338, mixed mode, sharing, tiered, compressed oops, compressed class ptrs, g1 gc, windows-amd64)
# Problematic frame:
# V  [jvm.dll+0x357d48]
#
# No core dump will be written. Minidumps are not enabled by default on client versions of Windows
#
# If you would like to submit a bug report, please visit:
#   https://bugreport.java.com/bugreport/crash.jsp
#

---------------  S U M M A R Y ------------

Command Line: --add-opens=java.base/java.lang=ALL-UNNAMED --add-opens=java.base/java.lang.invoke=ALL-UNNAMED --add-opens=java.base/java.util=ALL-UNNAMED --add-opens=java.prefs/java.util.prefs=ALL-UNNAMED --add-exports=jdk.compiler/com.sun.tools.javac.api=ALL-UNNAMED --add-exports=jdk.compiler/com.sun.tools.javac.util=ALL-UNNAMED --add-opens=java.base/java.util=ALL-UNNAMED --add-opens=java.prefs/java.util.prefs=ALL-UNNAMED --add-opens=java.base/java.nio.charset=ALL-UNNAMED --add-opens=java.base/java.net=ALL-UNNAMED --add-opens=java.base/java.util.concurrent.atomic=ALL-UNNAMED --add-opens=java.xml/javax.xml.namespace=ALL-UNNAMED -Dfile.encoding=UTF-8 -Duser.country=US -Duser.language=en -Duser.variant -javaagent:C:\Users\gabse\.gradle\wrapper\dists\gradle-8.13-bin\5xuhj0ry160q40clulazy9h7d\gradle-8.13\lib\agents\gradle-instrumentation-agent-8.13.jar org.gradle.launcher.daemon.bootstrap.GradleDaemon 8.13

Host: AMD Ryzen 5 8400F 6-Core Processor             , 12 cores, 31G,  Windows 11 , 64 bit Build 26100 (10.0.26100.7309)
Time: Sat Dec 13 18:05:48 2025 Malay Peninsula Standard Time elapsed time: 762.348434 seconds (0d 0h 12m 42s)

---------------  T H R E A D  ---------------

Current thread (0x00000247e561b030):  WorkerThread "GC Thread#3"    [id=4860, stack(0x000000aa07f00000,0x000000aa08000000) (1024K)]

Stack: [0x000000aa07f00000,0x000000aa08000000],  sp=0x000000aa07fff6f0,  free space=1021k
Native frames: (J=compiled Java code, j=interpreted, Vv=VM code, C=native code)
V  [jvm.dll+0x357d48]
V  [jvm.dll+0x35441e]
V  [jvm.dll+0x3610eb]
V  [jvm.dll+0x362d59]
V  [jvm.dll+0x36157a]
V  [jvm.dll+0x3629d1]
V  [jvm.dll+0x36db93]
V  [jvm.dll+0x36dcdb]
V  [jvm.dll+0x886237]
V  [jvm.dll+0x80265b]
V  [jvm.dll+0x6ca66d]
C  [ucrtbase.dll+0x37b0]
C  [KERNEL32.DLL+0x2e8d7]
C  [ntdll.dll+0x8c53c]


siginfo: EXCEPTION_ACCESS_VIOLATION (0xc0000005), reading address 0x000000000b512d40


Registers:
RAX=0x0000000000000000, RBX=0x000000063f8409d0, RCX=0x0000000000000016, RDX=0x0000000000000000
RSP=0x000000aa07fff6f0, RBP=0x0000000000006ca2, RSI=0x00000247fb644e20, RDI=0x00000247f88105d0
R8 =0x000000000b512d40, R9 =0x000000063f840938, R10=0x0000000000000010, R11=0x0000000000000001
R12=0x0000000000000009, R13=0x00000247e532f010, R14=0x0000000000000040, R15=0x0000000000000000
RIP=0x00007ff967107d48, EFLAGS=0x0000000000010246


Register to memory mapping:

RAX=0x0 is null
RBX=
[error occurred during error reporting (printing register info), id 0xc0000005, EXCEPTION_ACCESS_VIOLATION (0xc0000005) at pc=0x00007ff966eee2b1]
RCX=0x0000000000000016 is an unknown value
RDX=0x0 is null
RSP=0x000000aa07fff6f0 points into unknown readable memory: 0x0000000631180000 | 00 00 18 31 06 00 00 00
RBP=0x0000000000006ca2 is an unknown value
RSI=0x00000247fb644e20 points into unknown readable memory: 0x0000000000000000 | 00 00 00 00 00 00 00 00
RDI=0x00000247f88105d0 points into unknown readable memory: 0x00007ff96778b7a8 | a8 b7 78 67 f9 7f 00 00
R8 =0x000000000b512d40 is an unknown value
R9 =0x000000063f840938 is an oop: [Lorg.gradle.api.specs.Spec; 
{0x000000063f840938} - klass: 'org/gradle/api/specs/Spec'[]
 - length: 285
R10=0x0000000000000010 is an unknown value
R11=0x0000000000000001 is an unknown value
R12=0x0000000000000009 is an unknown value
R13=0x00000247e532f010 points into unknown readable memory: 0x0000000000000002 | 02 00 00 00 00 00 00 00
R14=0x0000000000000040 is an unknown value
R15=0x0 is null

Top of Stack: (sp=0x000000aa07fff6f0)
0x000000aa07fff6f0:   0000000631180000 0000000000000001
0x000000aa07fff700:   0000024700000000 0000000000010018
0x000000aa07fff710:   00000007fc848000 00000000000007da
0x000000aa07fff720:   000000aa07fff910 00000007fc849208
0x000000aa07fff730:   000000aa07fff910 00007ff96710441e
0x000000aa07fff740:   00000007fc849200 00000247f88105d0
0x000000aa07fff750:   0000000615367c00 0000000000000040
0x000000aa07fff760:   00000001c6631529 0000000000000000
0x000000aa07fff770:   0000000000000009 000000aa07fff910
0x000000aa07fff780:   0000024800100480 00007ff9671110eb
0x000000aa07fff790:   00000000000007da 0000024800100480
0x000000aa07fff7a0:   000000aa07fff910 00007ff967474c2f
0x000000aa07fff7b0:   00000007fc848000 0000000000000240
0x000000aa07fff7c0:   00007ff96778c9d0 0000000000000000
0x000000aa07fff7d0:   00000247fb63b840 00000247f88105d0
0x000000aa07fff7e0:   000000aa07fff960 00007ff9675bd337
0x000000aa07fff7f0:   00000247e50d9260 00000247fdbc4280
0x000000aa07fff800:   00000247fb643ac0 00007ff967112d59
0x000000aa07fff810:   000000aa07fff890 00007ff9670fb222
0x000000aa07fff820:   0000000000000001 00000247fdbc4249
0x000000aa07fff830:   0000000000000001 000000000000000f
0x000000aa07fff840:   00000247fb632460 0000000000000010
0x000000aa07fff850:   00000247fb643ac0 000000aa07fff9a9
0x000000aa07fff860:   000000aa07fff910 00007ff96711157a
0x000000aa07fff870:   00000000000003d8 00000247e50d9270
0x000000aa07fff880:   00000247e50d9648 0000024800100480
0x000000aa07fff890:   00000247f88105d0 00000001c6631478
0x000000aa07fff8a0:   0000000000000000 000000aa07fff968
0x000000aa07fff8b0:   000000aa07fff978 0000000000000000
0x000000aa07fff8c0:   00000247fb63b840 00007ff9671129d1
0x000000aa07fff8d0:   0000000000000078 0000000000000008
0x000000aa07fff8e0:   0000000000000005 00007ff966e6faa6 

Instructions: (pc=0x00007ff967107d48)
0x00007ff967107c48:   ff 48 8d 53 fe 48 8b cf e8 8b f3 ff ff e9 d6 fd
0x00007ff967107c58:   ff ff 66 0f 1f 44 00 00 48 8b 77 10 8b ae 80 00
0x00007ff967107c68:   00 00 8b cd 8b 86 00 01 00 00 2b c8 81 e1 ff ff
0x00007ff967107c78:   01 00 41 3b ce 0f 86 48 02 00 00 ff cd 81 e5 ff
0x00007ff967107c88:   ff 01 00 89 ae 80 00 00 00 e8 8a 51 36 00 90 8b
0x00007ff967107c98:   d5 8b 86 00 01 00 00 8b cd 48 8b 9e 80 01 00 00
0x00007ff967107ca8:   2b c8 81 e1 ff ff 01 00 81 f9 ff ff 01 00 48 8b
0x00007ff967107cb8:   1c eb 41 0f 44 cf 85 c9 75 3d 90 89 6c 24 50 48
0x00007ff967107cc8:   8b 86 00 01 00 00 48 8b c8 48 c1 e9 20 ff c1 89
0x00007ff967107cd8:   4c 24 54 3b e8 0f 85 d6 01 00 00 48 c1 e1 20 48
0x00007ff967107ce8:   0b ca f0 48 0f b1 8e 00 01 00 00 0f 85 c0 01 00
0x00007ff967107cf8:   00 8b 86 00 01 00 00 f6 c3 01 0f 84 de 00 00 00
0x00007ff967107d08:   8b 0d 6a 82 86 00 48 ff cb 48 8b 47 08 44 8b 03
0x00007ff967107d18:   49 d3 e0 8b 88 b0 05 00 00 48 8b 80 a0 05 00 00
0x00007ff967107d28:   4c 03 05 41 82 86 00 49 8b d0 48 d3 ea 0f b7 14
0x00007ff967107d38:   50 0f b7 c2 66 c1 e8 08 84 c0 0f 88 18 ff ff ff
0x00007ff967107d48:   4d 8b 08 41 0f b6 c1 24 03 3c 03 75 06 49 83 e1
0x00007ff967107d58:   fc eb 0b 48 8b cf e8 1d ed ff ff 4c 8b c8 8b 0d
0x00007ff967107d68:   0c 82 86 00 49 8b d1 48 2b 15 fa 81 86 00 48 d3
0x00007ff967107d78:   ea 89 13 48 8b d3 8b 0d 9c 11 8d 00 49 33 d1 48
0x00007ff967107d88:   d3 ea 48 85 d2 0f 84 cd fe ff ff 48 8b 47 08 4c
0x00007ff967107d98:   8b 80 a0 05 00 00 8b 88 b0 05 00 00 48 8b c3 48
0x00007ff967107da8:   d3 e8 41 0f b7 14 40 66 c1 ea 08 80 fa fe 0f 84
0x00007ff967107db8:   a4 fe ff ff 49 8b c1 48 d3 e8 41 0f b7 14 40 0f
0x00007ff967107dc8:   b7 c2 66 c1 e8 08 84 c0 0f 89 8a fe ff ff 4c 8b
0x00007ff967107dd8:   c3 48 8b cf e8 cf d0 ff ff e9 7a fe ff ff f6 c3
0x00007ff967107de8:   03 0f 85 b9 00 00 00 48 8b 47 08 4c 8b 03 49 8b
0x00007ff967107df8:   d0 8b 88 b0 05 00 00 48 8b 80 a0 05 00 00 48 d3
0x00007ff967107e08:   ea 0f b7 14 50 0f b7 c2 66 c1 e8 08 84 c0 0f 88
0x00007ff967107e18:   44 fe ff ff 4d 8b 08 41 0f b6 c1 24 03 3c 03 75
0x00007ff967107e28:   06 49 83 e1 fc eb 0b 48 8b cf e8 49 ec ff ff 4c
0x00007ff967107e38:   8b c8 49 8b d1 4c 89 0b 8b 0d da 10 8d 00 48 33 


Stack slot to memory mapping:

stack at sp + 0 slots: 0x0000000631180000 is pointing into object: org.gradle.internal.instantiation.generator.ManagedObjectFactory$$Lambda/0x00000247a11f2cd0 
{0x000000063117fff8} - klass: 'org/gradle/internal/instantiation/generator/ManagedObjectFactory$$Lambda+0x00000247a11f2cd0'
 - ---- fields (total size 2 words):
 - private final 'arg$1' 'Lorg/gradle/internal/state/ModelObject;' @12  a 'com/android/build/gradle/tasks/MergeResources_Decorated'{0x000000063117cd20} (0xc622f9a4)
stack at sp + 1 slots: 0x0000000000000001 is an unknown value
stack at sp + 2 slots: 0x0000024700000000 is an unknown value
stack at sp + 3 slots: 0x0000000000010018 is an unknown value
stack at sp + 4 slots: 0x00000007fc848000 is pointing into object: java.util.LinkedHashMap$Entry 
{0x00000007fc847ff0} - klass: 'java/util/LinkedHashMap$Entry'
 - ---- fields (total size 5 words):
 - final 'hash' 'I' @12  1475078661 (0x57ebea05)
 - final 'key' 'Ljava/lang/Object;' @16  a 'org/gradle/api/internal/file/RelativePathSpec'{0x000000060cbb2c68} (0xc197658d)
 - 'value' 'Ljava/lang/Object;' @20  a 'java/lang/Object'{0x000000060642a430} (0xc0c85486)
 - 'next' 'Ljava/util/HashMap$Node;' @24  null (0x00000000)
 - 'before' 'Ljava/util/LinkedHashMap$Entry;' @28  null (0x00000000)
 - 'after' 'Ljava/util/LinkedHashMap$Entry;' @32  null (0x00000000)
stack at sp + 5 slots: 0x00000000000007da is an unknown value
stack at sp + 6 slots: 0x000000aa07fff910 points into unknown readable memory: 0x00007ff96778cb68 | 68 cb 78 67 f9 7f 00 00
stack at sp + 7 slots: 0x00000007fc849208 is an oop: [B 
{0x00000007fc849208} - klass: {type array byte}
 - length: 121


---------------  P R O C E S S  ---------------

Threads class SMR info:
_java_thread_list=0x00000247ebfb5360, length=79, elements={
0x00000247f9346810, 0x00000247e5004090, 0x00000247e5004be0, 0x00000247e5007740,
0x00000247e5008400, 0x00000247e50092b0, 0x00000247e500bf40, 0x00000247e5025d00,
0x00000247e5026ff0, 0x00000247e51ca030, 0x00000247e5252480, 0x00000247e6d9ff70,
0x00000247e6d9f8e0, 0x00000247e6da0600, 0x00000247e6ee49b0, 0x00000247e6ee56d0,
0x00000247e6ee77a0, 0x00000247e6ee5040, 0x00000247e6ee8b50, 0x00000247e6ee5d60,
0x00000247e6ee9f00, 0x00000247e6eeac20, 0x00000247e6eeb940, 0x00000247ec3d9c20,
0x00000247ebec6000, 0x00000247ebec6d20, 0x00000247e87bea10, 0x00000247ecb4c610,
0x00000247ecb4b8f0, 0x00000247ecb507b0, 0x00000247ecb51b60, 0x00000247ecb4e6e0,
0x00000247ecb59180, 0x00000247ecb55d00, 0x00000247ec4fcfa0, 0x00000247ec4fe350,
0x00000247ec4fb560, 0x00000247ec4ff070, 0x00000247f4d21150, 0x00000247e8ce4e40,
0x00000247e8ce47b0, 0x00000247e8ce61f0, 0x00000247e8ce54d0, 0x00000247e8ce8fe0,
0x00000247f66bf280, 0x00000247f66be560, 0x00000247f66c0630, 0x00000247f66c0cc0,
0x00000247f66c1350, 0x00000247f66bebf0, 0x00000247f66d2060, 0x00000247f66d26f0,
0x00000247e8ce8950, 0x00000247e8cef8e0, 0x000002480680ac70, 0x00000247f2f72200,
0x000002480d213ce0, 0x000002480d207170, 0x000002480d206ae0, 0x000002480d20ac80,
0x000002480d208520, 0x000002480d207800, 0x000002480d20c6c0, 0x000002480d2098d0,
0x000002480d209240, 0x000002480d2101d0, 0x00000247f73377f0, 0x00000247f7337ec0,
0x000002480d20cd50, 0x000002480d20e790, 0x000002480d20ee20, 0x000002480d210860,
0x000002480d211580, 0x000002480d20e100, 0x000002480d211c10, 0x000002480d212930,
0x000002480d215090, 0x000002480d214a00, 0x000002480d213650
}

Java Threads: ( => current thread )
  0x00000247f9346810 JavaThread "main"                              [_thread_blocked, id=3492, stack(0x000000aa06900000,0x000000aa06a00000) (1024K)]
  0x00000247e5004090 JavaThread "Reference Handler"          daemon [_thread_blocked, id=3724, stack(0x000000aa07100000,0x000000aa07200000) (1024K)]
  0x00000247e5004be0 JavaThread "Finalizer"                  daemon [_thread_blocked, id=3780, stack(0x000000aa07200000,0x000000aa07300000) (1024K)]
  0x00000247e5007740 JavaThread "Signal Dispatcher"          daemon [_thread_blocked, id=3888, stack(0x000000aa07300000,0x000000aa07400000) (1024K)]
  0x00000247e5008400 JavaThread "Attach Listener"            daemon [_thread_blocked, id=2916, stack(0x000000aa07400000,0x000000aa07500000) (1024K)]
  0x00000247e50092b0 JavaThread "Service Thread"             daemon [_thread_blocked, id=4248, stack(0x000000aa07500000,0x000000aa07600000) (1024K)]
  0x00000247e500bf40 JavaThread "Monitor Deflation Thread"   daemon [_thread_blocked, id=4328, stack(0x000000aa07600000,0x000000aa07700000) (1024K)]
  0x00000247e5025d00 JavaThread "C2 CompilerThread0"         daemon [_thread_blocked, id=4380, stack(0x000000aa07700000,0x000000aa07800000) (1024K)]
  0x00000247e5026ff0 JavaThread "C1 CompilerThread0"         daemon [_thread_blocked, id=4264, stack(0x000000aa07800000,0x000000aa07900000) (1024K)]
  0x00000247e51ca030 JavaThread "Common-Cleaner"             daemon [_thread_blocked, id=4284, stack(0x000000aa07900000,0x000000aa07a00000) (1024K)]
  0x00000247e5252480 JavaThread "Notification Thread"        daemon [_thread_blocked, id=4536, stack(0x000000aa07a00000,0x000000aa07b00000) (1024K)]
  0x00000247e6d9ff70 JavaThread "Daemon health stats"               [_thread_blocked, id=1380, stack(0x000000aa08600000,0x000000aa08700000) (1024K)]
  0x00000247e6d9f8e0 JavaThread "Incoming local TCP Connector on port 51981"        [_thread_in_native, id=7760, stack(0x000000aa08700000,0x000000aa08800000) (1024K)]
  0x00000247e6da0600 JavaThread "Daemon periodic checks"            [_thread_blocked, id=7840, stack(0x000000aa08800000,0x000000aa08900000) (1024K)]
  0x00000247e6ee49b0 JavaThread "Cache worker for journal cache (C:\Users\gabse\.gradle\caches\journal-1)"        [_thread_blocked, id=15712, stack(0x000000aa09000000,0x000000aa09100000) (1024K)]
  0x00000247e6ee56d0 JavaThread "File lock request listener"        [_thread_in_native, id=8712, stack(0x000000aa09100000,0x000000aa09200000) (1024K)]
  0x00000247e6ee77a0 JavaThread "Cache worker for file hash cache (C:\Users\gabse\.gradle\caches\8.13\fileHashes)"        [_thread_blocked, id=8756, stack(0x000000aa09200000,0x000000aa09300000) (1024K)]
  0x00000247e6ee5040 JavaThread "File watcher server"        daemon [_thread_in_native, id=8920, stack(0x000000aa09700000,0x000000aa09800000) (1024K)]
  0x00000247e6ee8b50 JavaThread "File watcher consumer"      daemon [_thread_blocked, id=3336, stack(0x000000aa09800000,0x000000aa09900000) (1024K)]
  0x00000247e6ee5d60 JavaThread "jar transforms"                    [_thread_blocked, id=3352, stack(0x000000aa09900000,0x000000aa09a00000) (1024K)]
  0x00000247e6ee9f00 JavaThread "Cache worker for file content cache (C:\Users\gabse\.gradle\caches\8.13\fileContent)"        [_thread_blocked, id=8964, stack(0x000000aa09b00000,0x000000aa09c00000) (1024K)]
  0x00000247e6eeac20 JavaThread "Exec process"                      [_thread_in_native, id=1700, stack(0x000000aa09c00000,0x000000aa09d00000) (1024K)]
  0x00000247e6eeb940 JavaThread "Exec process Thread 3"             [_thread_in_native, id=2420, stack(0x000000aa09e00000,0x000000aa09f00000) (1024K)]
  0x00000247ec3d9c20 JavaThread "Memory manager"                    [_thread_blocked, id=18608, stack(0x000000aa0cb00000,0x000000aa0cc00000) (1024K)]
  0x00000247ebec6000 JavaThread "ForkJoinPool.commonPool-worker-1" daemon [_thread_blocked, id=19392, stack(0x000000aa0f900000,0x000000aa0fa00000) (1024K)]
  0x00000247ebec6d20 JavaThread "ForkJoinPool.commonPool-worker-4" daemon [_thread_blocked, id=19404, stack(0x000000aa0fc00000,0x000000aa0fd00000) (1024K)]
  0x00000247e87bea10 JavaThread "ForkJoinPool.commonPool-worker-8" daemon [_thread_blocked, id=19420, stack(0x000000aa10000000,0x000000aa10100000) (1024K)]
  0x00000247ecb4c610 JavaThread "jar transforms Thread 2"           [_thread_blocked, id=13740, stack(0x000000aa13a00000,0x000000aa13b00000) (1024K)]
  0x00000247ecb4b8f0 JavaThread "jar transforms Thread 3"           [_thread_blocked, id=19376, stack(0x000000aa13d00000,0x000000aa13e00000) (1024K)]
  0x00000247ecb507b0 JavaThread "jar transforms Thread 4"           [_thread_blocked, id=14772, stack(0x000000aa14200000,0x000000aa14300000) (1024K)]
  0x00000247ecb51b60 JavaThread "jar transforms Thread 5"           [_thread_blocked, id=18644, stack(0x000000aa14400000,0x000000aa14500000) (1024K)]
  0x00000247ecb4e6e0 JavaThread "jar transforms Thread 6"           [_thread_blocked, id=18688, stack(0x000000aa14500000,0x000000aa14600000) (1024K)]
  0x00000247ecb59180 JavaThread "jar transforms Thread 7"           [_thread_blocked, id=19888, stack(0x000000aa14700000,0x000000aa14800000) (1024K)]
  0x00000247ecb55d00 JavaThread "jar transforms Thread 8"           [_thread_blocked, id=19892, stack(0x000000aa14800000,0x000000aa14900000) (1024K)]
  0x00000247ec4fcfa0 JavaThread "jar transforms Thread 9"           [_thread_blocked, id=19948, stack(0x000000aa14900000,0x000000aa14a00000) (1024K)]
  0x00000247ec4fe350 JavaThread "jar transforms Thread 10"          [_thread_blocked, id=20012, stack(0x000000aa14a00000,0x000000aa14b00000) (1024K)]
  0x00000247ec4fb560 JavaThread "jar transforms Thread 11"          [_thread_blocked, id=20016, stack(0x000000aa14b00000,0x000000aa14c00000) (1024K)]
  0x00000247ec4ff070 JavaThread "jar transforms Thread 12"          [_thread_blocked, id=20020, stack(0x000000aa14c00000,0x000000aa14d00000) (1024K)]
  0x00000247f4d21150 JavaThread "pool-3-thread-1"                   [_thread_blocked, id=20308, stack(0x000000aa14d00000,0x000000aa14e00000) (1024K)]
  0x00000247e8ce4e40 JavaThread "Cache worker for Java compile cache (C:\Users\gabse\.gradle\caches\8.13\javaCompile)"        [_thread_blocked, id=24144, stack(0x000000aa06700000,0x000000aa06800000) (1024K)]
  0x00000247e8ce47b0 JavaThread "RMI Scheduler(0)"           daemon [_thread_blocked, id=24184, stack(0x000000aa06600000,0x000000aa06700000) (1024K)]
  0x00000247e8ce61f0 JavaThread "RMI GC Daemon"              daemon [_thread_blocked, id=24192, stack(0x000000aa17200000,0x000000aa17300000) (1024K)]
  0x00000247e8ce54d0 JavaThread "RMI TCP Accept-0"           daemon [_thread_in_native, id=24200, stack(0x000000aa17300000,0x000000aa17400000) (1024K)]
  0x00000247e8ce8fe0 JavaThread "RMI Reaper"                        [_thread_blocked, id=24204, stack(0x000000aa17400000,0x000000aa17500000) (1024K)]
  0x00000247f66bf280 JavaThread "Exec process Thread 4"             [_thread_in_native, id=13140, stack(0x000000aa18b00000,0x000000aa18c00000) (1024K)]
  0x00000247f66be560 JavaThread "/127.0.0.1:62391 to /127.0.0.1:49276 workers"        [_thread_blocked, id=23612, stack(0x000000aa18a00000,0x000000aa18b00000) (1024K)]
  0x00000247f66c0630 JavaThread "/127.0.0.1:62391 to /127.0.0.1:49276 workers Thread 2"        [_thread_blocked, id=23608, stack(0x000000aa18c00000,0x000000aa18d00000) (1024K)]
  0x00000247f66c0cc0 JavaThread "/127.0.0.1:62391 to /127.0.0.1:49276 workers Thread 3"        [_thread_blocked, id=23632, stack(0x000000aa18d00000,0x000000aa18e00000) (1024K)]
  0x00000247f66c1350 JavaThread "/127.0.0.1:62391 to /127.0.0.1:49276 workers Thread 4"        [_thread_blocked, id=23628, stack(0x000000aa15c00000,0x000000aa15d00000) (1024K)]
  0x00000247f66bebf0 JavaThread "/127.0.0.1:62391 to /127.0.0.1:49276 workers Thread 5"        [_thread_blocked, id=23592, stack(0x000000aa18e00000,0x000000aa18f00000) (1024K)]
  0x00000247f66d2060 JavaThread "Periodic tasks thread"      daemon [_thread_blocked, id=2348, stack(0x000000aa18100000,0x000000aa18200000) (1024K)]
  0x00000247f66d26f0 JavaThread "ApplicationImpl pooled thread 1"        [_thread_blocked, id=9364, stack(0x000000aa18700000,0x000000aa18800000) (1024K)]
  0x00000247e8ce8950 JavaThread "Java2D Disposer"            daemon [_thread_blocked, id=4468, stack(0x000000aa19600000,0x000000aa19700000) (1024K)]
  0x00000247e8cef8e0 JavaThread "AWT-Windows"                daemon [_thread_in_native, id=4504, stack(0x000000aa19800000,0x000000aa19900000) (1024K)]
  0x000002480680ac70 JavaThread "pool-9-thread-1"                   [_thread_blocked, id=8796, stack(0x000000aa15400000,0x000000aa15500000) (1024K)]
  0x00000247f2f72200 JavaThread "pool-12-thread-1"                  [_thread_blocked, id=1936, stack(0x000000aa15900000,0x000000aa15a00000) (1024K)]
  0x000002480d213ce0 JavaThread "pool-16-thread-1"                  [_thread_blocked, id=13168, stack(0x000000aa15000000,0x000000aa15100000) (1024K)]
  0x000002480d207170 JavaThread "Daemon Thread 2"                   [_thread_blocked, id=24176, stack(0x000000aa07b00000,0x000000aa07c00000) (1024K)]
  0x000002480d206ae0 JavaThread "Handler for socket connection from /127.0.0.1:51981 to /127.0.0.1:59549"        [_thread_in_native, id=17992, stack(0x000000aa07c00000,0x000000aa07d00000) (1024K)]
  0x000002480d20ac80 JavaThread "Cancel handler"                    [_thread_blocked, id=5836, stack(0x000000aa08900000,0x000000aa08a00000) (1024K)]
  0x000002480d208520 JavaThread "Daemon worker Thread 2"            [_thread_blocked, id=23248, stack(0x000000aa08a00000,0x000000aa08b00000) (1024K)]
  0x000002480d207800 JavaThread "Asynchronous log dispatcher for DefaultDaemonConnection: socket connection from /127.0.0.1:51981 to /127.0.0.1:59549"        [_thread_blocked, id=14208, stack(0x000000aa08b00000,0x000000aa08c00000) (1024K)]
  0x000002480d20c6c0 JavaThread "Stdin handler"                     [_thread_blocked, id=10116, stack(0x000000aa08c00000,0x000000aa08d00000) (1024K)]
  0x000002480d2098d0 JavaThread "Daemon client event forwarder"        [_thread_blocked, id=21152, stack(0x000000aa08d00000,0x000000aa08e00000) (1024K)]
  0x000002480d209240 JavaThread "Cache worker for file hash cache (C:\Beepney\Beepney-Project\Application\frontend\android\.gradle\8.13\fileHashes)"        [_thread_blocked, id=7636, stack(0x000000aa08e00000,0x000000aa08f00000) (1024K)]
  0x000002480d2101d0 JavaThread "Cache worker for Build Output Cleanup Cache (C:\Beepney\Beepney-Project\Application\frontend\android\.gradle\buildOutputCleanup)"        [_thread_blocked, id=8924, stack(0x000000aa08f00000,0x000000aa09000000) (1024K)]
  0x00000247f73377f0 JavaThread "C2 CompilerThread1"         daemon [_thread_blocked, id=10752, stack(0x000000aa09500000,0x000000aa09600000) (1024K)]
  0x00000247f7337ec0 JavaThread "C2 CompilerThread2"         daemon [_thread_blocked, id=24380, stack(0x000000aa09600000,0x000000aa09700000) (1024K)]
  0x000002480d20cd50 JavaThread "Cache worker for checksums cache (C:\Beepney\Beepney-Project\Application\frontend\android\.gradle\8.13\checksums)"        [_thread_blocked, id=7660, stack(0x000000aa09a00000,0x000000aa09b00000) (1024K)]
  0x000002480d20e790 JavaThread "Exec process Thread 7"             [_thread_blocked, id=4744, stack(0x000000aa09d00000,0x000000aa09e00000) (1024K)]
  0x000002480d20ee20 JavaThread "Exec process Thread 8"             [_thread_blocked, id=23400, stack(0x000000aa09f00000,0x000000aa0a000000) (1024K)]
  0x000002480d210860 JavaThread "Exec process Thread 9"             [_thread_blocked, id=13304, stack(0x000000aa0a000000,0x000000aa0a100000) (1024K)]
  0x000002480d211580 JavaThread "Cache worker for cache directory md-supplier (C:\Users\gabse\.gradle\caches\8.13\md-supplier)"        [_thread_blocked, id=2816, stack(0x000000aa0a100000,0x000000aa0a200000) (1024K)]
  0x000002480d20e100 JavaThread "Cache worker for cache directory md-rule (C:\Users\gabse\.gradle\caches\8.13\md-rule)"        [_thread_blocked, id=7852, stack(0x000000aa0a200000,0x000000aa0a300000) (1024K)]
  0x000002480d211c10 JavaThread "Cache worker for Build Output Cleanup Cache (C:\Beepney\Beepney-Project\Application\frontend\node_modules\@react-native\gradle-plugin\.gradle\buildOutputCleanup)"        [_thread_blocked, id=7464, stack(0x000000aa0a300000,0x000000aa0a400000) (1024K)]
  0x000002480d212930 JavaThread "Unconstrained build operations"        [_thread_blocked, id=17716, stack(0x000000aa0a400000,0x000000aa0a500000) (1024K)]
  0x000002480d215090 JavaThread "Unconstrained build operations Thread 2"        [_thread_blocked, id=10876, stack(0x000000aa0a500000,0x000000aa0a600000) (1024K)]
  0x000002480d214a00 JavaThread "Unconstrained build operations Thread 3"        [_thread_blocked, id=19412, stack(0x000000aa0a600000,0x000000aa0a700000) (1024K)]
  0x000002480d213650 JavaThread "Unconstrained build operations Thread 4"        [_thread_blocked, id=16656, stack(0x000000aa0a700000,0x000000aa0a800000) (1024K)]
Total: 79

Other Threads:
  0x00000247fddc7cc0 VMThread "VM Thread"                           [id=3708, stack(0x000000aa07000000,0x000000aa07100000) (1024K)]
  0x00000247fddb9620 WatcherThread "VM Periodic Task Thread"        [id=8324, stack(0x000000aa06f00000,0x000000aa07000000) (1024K)]
  0x00000247fb6d3f60 WorkerThread "GC Thread#0"                     [id=3496, stack(0x000000aa06a00000,0x000000aa06b00000) (1024K)]
  0x00000247e5907b10 WorkerThread "GC Thread#1"                     [id=4868, stack(0x000000aa07d00000,0x000000aa07e00000) (1024K)]
  0x00000247e57ed700 WorkerThread "GC Thread#2"                     [id=4872, stack(0x000000aa07e00000,0x000000aa07f00000) (1024K)]
=>0x00000247e561b030 WorkerThread "GC Thread#3"                     [id=4860, stack(0x000000aa07f00000,0x000000aa08000000) (1024K)]
  0x00000247e5740860 WorkerThread "GC Thread#4"                     [id=5736, stack(0x000000aa08000000,0x000000aa08100000) (1024K)]
  0x00000247e5740c10 WorkerThread "GC Thread#5"                     [id=5636, stack(0x000000aa08100000,0x000000aa08200000) (1024K)]
  0x00000247e57e4d60 WorkerThread "GC Thread#6"                     [id=4476, stack(0x000000aa08200000,0x000000aa08300000) (1024K)]
  0x00000247e57e5110 WorkerThread "GC Thread#7"                     [id=5024, stack(0x000000aa08300000,0x000000aa08400000) (1024K)]
  0x00000247e5373f70 WorkerThread "GC Thread#8"                     [id=4716, stack(0x000000aa08400000,0x000000aa08500000) (1024K)]
  0x00000247e55fc470 WorkerThread "GC Thread#9"                     [id=13160, stack(0x000000aa08500000,0x000000aa08600000) (1024K)]
  0x00000247fb6e4c50 ConcurrentGCThread "G1 Main Marker"            [id=8476, stack(0x000000aa06b00000,0x000000aa06c00000) (1024K)]
  0x00000247fb6e6d80 WorkerThread "G1 Conc#0"                       [id=8368, stack(0x000000aa06c00000,0x000000aa06d00000) (1024K)]
  0x00000247e855c530 WorkerThread "G1 Conc#1"                       [id=8748, stack(0x000000aa09300000,0x000000aa09400000) (1024K)]
  0x00000247e855db50 WorkerThread "G1 Conc#2"                       [id=8752, stack(0x000000aa09400000,0x000000aa09500000) (1024K)]
  0x00000247fdc8cb40 ConcurrentGCThread "G1 Refine#0"               [id=8364, stack(0x000000aa06d00000,0x000000aa06e00000) (1024K)]
  0x00000247fdc8d5c0 ConcurrentGCThread "G1 Service"                [id=8360, stack(0x000000aa06e00000,0x000000aa06f00000) (1024K)]
Total: 18

Threads with active compile tasks:
C2 CompilerThread0   762407 97723 %     4       org.gradle.internal.instantiation.generator.AbstractClassGenerator::inspectType @ 292 (602 bytes)
C2 CompilerThread1   762407 97855       4       org.gradle.internal.reflect.validation.ReplayingTypeValidationContext::replay (17 bytes)
C2 CompilerThread2   762407 97841       4       org.gradle.util.internal.DefaultGradleVersion::compareTo (294 bytes)
Total: 3

VM state: at safepoint (normal execution)

VM Mutex/Monitor currently owned by a thread:  ([mutex/lock_event])
[0x00007ff9679f0df0] Threads_lock - owner thread: 0x00000247fddc7cc0
[0x00007ff9679f0ef0] Heap_lock - owner thread: 0x000002480d208520

Heap address: 0x0000000606000000, size: 8096 MB, Compressed Oops mode: Zero based, Oop shift amount: 3

CDS archive(s) mapped at: [0x00000247a0000000-0x00000247a0c90000-0x00000247a0c90000), size 13172736, SharedBaseAddress: 0x00000247a0000000, ArchiveRelocationMode: 1.
Compressed class space mapped at: 0x00000247a1000000-0x00000247e1000000, reserved size: 1073741824
Narrow klass base: 0x00000247a0000000, Narrow klass shift: 0, Narrow klass range: 0x100000000

GC Precious Log:
 CardTable entry size: 512
 Card Set container configuration: InlinePtr #cards 4 size 8 Array Of Cards #cards 32 size 80 Howl #buckets 8 coarsen threshold 7372 Howl Bitmap #cards 1024 size 144 coarsen threshold 921 Card regions per heap region 1 cards per card region 8192
 CPUs: 12 total, 12 available
 Memory: 32377M
 Large Page Support: Disabled
 NUMA Support: Disabled
 Compressed Oops: Enabled (Zero based)
 Heap Region Size: 4M
 Heap Min Capacity: 8M
 Heap Initial Capacity: 508M
 Heap Max Capacity: 8096M
 Pre-touch: Disabled
 Parallel Workers: 10
 Concurrent Workers: 3
 Concurrent Refinement Workers: 10
 Periodic GC: Disabled

Heap:
 garbage-first heap   total 1568768K, used 1388140K [0x0000000606000000, 0x0000000800000000)
  region size 4096K, 154 young (630784K), 10 survivors (40960K)
 Metaspace       used 266982K, committed 271936K, reserved 1310720K
  class space    used 33114K, committed 35520K, reserved 1048576K

Heap Regions: E=young(eden), S=young(survivor), O=old, HS=humongous(starts), HC=humongous(continues), CS=collection set, F=free, TAMS=top-at-mark-start, PB=parsable bottom
|   0|0x0000000606000000, 0x0000000606400000, 0x0000000606400000|100%|HS|  |TAMS 0x0000000606000000| PB 0x0000000606000000| Complete 
|   1|0x0000000606400000, 0x0000000606800000, 0x0000000606800000|100%| O|  |TAMS 0x0000000606400000| PB 0x0000000606400000| Untracked 
|   2|0x0000000606800000, 0x0000000606b9b2d0, 0x0000000606c00000| 90%| O|  |TAMS 0x0000000606800000| PB 0x0000000606800000| Untracked 
|   3|0x0000000606c00000, 0x0000000607000000, 0x0000000607000000|100%| O|  |TAMS 0x0000000606c00000| PB 0x0000000606c00000| Untracked 
|   4|0x0000000607000000, 0x0000000607400000, 0x0000000607400000|100%| O|  |TAMS 0x0000000607000000| PB 0x0000000607000000| Untracked 
|   5|0x0000000607400000, 0x0000000607800000, 0x0000000607800000|100%| O|  |TAMS 0x0000000607400000| PB 0x0000000607400000| Untracked 
|   6|0x0000000607800000, 0x0000000607c00000, 0x0000000607c00000|100%| O|  |TAMS 0x0000000607800000| PB 0x0000000607800000| Untracked 
|   7|0x0000000607c00000, 0x0000000608000000, 0x0000000608000000|100%|HS|  |TAMS 0x0000000607c00000| PB 0x0000000607c00000| Complete 
|   8|0x0000000608000000, 0x0000000608400000, 0x0000000608400000|100%| O|  |TAMS 0x0000000608000000| PB 0x0000000608000000| Untracked 
|   9|0x0000000608400000, 0x0000000608800000, 0x0000000608800000|100%| O|  |TAMS 0x0000000608400000| PB 0x0000000608400000| Untracked 
|  10|0x0000000608800000, 0x0000000608c00000, 0x0000000608c00000|100%|HS|  |TAMS 0x0000000608800000| PB 0x0000000608800000| Complete 
|  11|0x0000000608c00000, 0x0000000609000000, 0x0000000609000000|100%| O|CS|TAMS 0x0000000608c00000| PB 0x0000000608c00000| Complete 
|  12|0x0000000609000000, 0x0000000609400000, 0x0000000609400000|100%| O|  |TAMS 0x0000000609000000| PB 0x0000000609000000| Untracked 
|  13|0x0000000609400000, 0x0000000609800000, 0x0000000609800000|100%| O|  |TAMS 0x0000000609400000| PB 0x0000000609400000| Untracked 
|  14|0x0000000609800000, 0x0000000609c00000, 0x0000000609c00000|100%| O|  |TAMS 0x0000000609800000| PB 0x0000000609800000| Untracked 
|  15|0x0000000609c00000, 0x000000060a000000, 0x000000060a000000|100%| O|  |TAMS 0x0000000609c00000| PB 0x0000000609c00000| Untracked 
|  16|0x000000060a000000, 0x000000060a400000, 0x000000060a400000|100%| O|  |TAMS 0x000000060a000000| PB 0x000000060a000000| Untracked 
|  17|0x000000060a400000, 0x000000060a800000, 0x000000060a800000|100%|HS|  |TAMS 0x000000060a400000| PB 0x000000060a400000| Complete 
|  18|0x000000060a800000, 0x000000060ac00000, 0x000000060ac00000|100%| O|  |TAMS 0x000000060a800000| PB 0x000000060a800000| Untracked 
|  19|0x000000060ac00000, 0x000000060b000000, 0x000000060b000000|100%|HS|  |TAMS 0x000000060ac00000| PB 0x000000060ac00000| Complete 
|  20|0x000000060b000000, 0x000000060b400000, 0x000000060b400000|100%| O|  |TAMS 0x000000060b000000| PB 0x000000060b000000| Untracked 
|  21|0x000000060b400000, 0x000000060b800000, 0x000000060b800000|100%| O|  |TAMS 0x000000060b400000| PB 0x000000060b400000| Untracked 
|  22|0x000000060b800000, 0x000000060bc00000, 0x000000060bc00000|100%| O|  |TAMS 0x000000060b800000| PB 0x000000060b800000| Untracked 
|  23|0x000000060bc00000, 0x000000060c000000, 0x000000060c000000|100%| O|  |TAMS 0x000000060bc00000| PB 0x000000060bc00000| Untracked 
|  24|0x000000060c000000, 0x000000060c400000, 0x000000060c400000|100%| O|  |TAMS 0x000000060c000000| PB 0x000000060c000000| Untracked 
|  25|0x000000060c400000, 0x000000060c800000, 0x000000060c800000|100%| O|  |TAMS 0x000000060c400000| PB 0x000000060c400000| Untracked 
|  26|0x000000060c800000, 0x000000060cc00000, 0x000000060cc00000|100%| O|  |TAMS 0x000000060c800000| PB 0x000000060c800000| Untracked 
|  27|0x000000060cc00000, 0x000000060d000000, 0x000000060d000000|100%| O|  |TAMS 0x000000060cc00000| PB 0x000000060cc00000| Untracked 
|  28|0x000000060d000000, 0x000000060d400000, 0x000000060d400000|100%| O|  |TAMS 0x000000060d000000| PB 0x000000060d000000| Untracked 
|  29|0x000000060d400000, 0x000000060d800000, 0x000000060d800000|100%| O|CS|TAMS 0x000000060d400000| PB 0x000000060d400000| Complete 
|  30|0x000000060d800000, 0x000000060dc00000, 0x000000060dc00000|100%| O|  |TAMS 0x000000060d800000| PB 0x000000060d800000| Untracked 
|  31|0x000000060dc00000, 0x000000060e000000, 0x000000060e000000|100%| O|  |TAMS 0x000000060dc00000| PB 0x000000060dc00000| Untracked 
|  32|0x000000060e000000, 0x000000060e400000, 0x000000060e400000|100%| O|  |TAMS 0x000000060e000000| PB 0x000000060e000000| Untracked 
|  33|0x000000060e400000, 0x000000060e800000, 0x000000060e800000|100%| O|  |TAMS 0x000000060e400000| PB 0x000000060e400000| Untracked 
|  34|0x000000060e800000, 0x000000060ec00000, 0x000000060ec00000|100%| O|  |TAMS 0x000000060e800000| PB 0x000000060e800000| Untracked 
|  35|0x000000060ec00000, 0x000000060f000000, 0x000000060f000000|100%| O|  |TAMS 0x000000060ec00000| PB 0x000000060ec00000| Untracked 
|  36|0x000000060f000000, 0x000000060f400000, 0x000000060f400000|100%| O|CS|TAMS 0x000000060f000000| PB 0x000000060f000000| Complete 
|  37|0x000000060f400000, 0x000000060f800000, 0x000000060f800000|100%| O|  |TAMS 0x000000060f400000| PB 0x000000060f400000| Untracked 
|  38|0x000000060f800000, 0x000000060fc00000, 0x000000060fc00000|100%| O|  |TAMS 0x000000060f800000| PB 0x000000060f800000| Untracked 
|  39|0x000000060fc00000, 0x0000000610000000, 0x0000000610000000|100%| O|  |TAMS 0x000000060fc00000| PB 0x000000060fc00000| Untracked 
|  40|0x0000000610000000, 0x0000000610400000, 0x0000000610400000|100%| O|  |TAMS 0x0000000610000000| PB 0x0000000610000000| Untracked 
|  41|0x0000000610400000, 0x0000000610800000, 0x0000000610800000|100%| O|  |TAMS 0x0000000610400000| PB 0x0000000610400000| Untracked 
|  42|0x0000000610800000, 0x0000000610c00000, 0x0000000610c00000|100%|HS|  |TAMS 0x0000000610800000| PB 0x0000000610800000| Complete 
|  43|0x0000000610c00000, 0x0000000611000000, 0x0000000611000000|100%| O|  |TAMS 0x0000000610c00000| PB 0x0000000610c00000| Untracked 
|  44|0x0000000611000000, 0x0000000611400000, 0x0000000611400000|100%| O|  |TAMS 0x0000000611000000| PB 0x0000000611000000| Untracked 
|  45|0x0000000611400000, 0x0000000611800000, 0x0000000611800000|100%| O|  |TAMS 0x0000000611400000| PB 0x0000000611400000| Untracked 
|  46|0x0000000611800000, 0x0000000611c00000, 0x0000000611c00000|100%| O|  |TAMS 0x0000000611800000| PB 0x0000000611800000| Untracked 
|  47|0x0000000611c00000, 0x0000000612000000, 0x0000000612000000|100%| O|  |TAMS 0x0000000611c00000| PB 0x0000000611c00000| Untracked 
|  48|0x0000000612000000, 0x0000000612400000, 0x0000000612400000|100%| O|  |TAMS 0x0000000612000000| PB 0x0000000612000000| Untracked 
|  49|0x0000000612400000, 0x0000000612800000, 0x0000000612800000|100%| O|  |TAMS 0x0000000612400000| PB 0x0000000612400000| Untracked 
|  50|0x0000000612800000, 0x0000000612c00000, 0x0000000612c00000|100%| O|  |TAMS 0x0000000612800000| PB 0x0000000612800000| Untracked 
|  51|0x0000000612c00000, 0x0000000613000000, 0x0000000613000000|100%| O|  |TAMS 0x0000000612c00000| PB 0x0000000612c00000| Untracked 
|  52|0x0000000613000000, 0x0000000613400000, 0x0000000613400000|100%| O|  |TAMS 0x0000000613000000| PB 0x0000000613000000| Untracked 
|  53|0x0000000613400000, 0x0000000613800000, 0x0000000613800000|100%| O|  |TAMS 0x0000000613400000| PB 0x0000000613400000| Untracked 
|  54|0x0000000613800000, 0x0000000613c00000, 0x0000000613c00000|100%| O|  |TAMS 0x0000000613800000| PB 0x0000000613800000| Untracked 
|  55|0x0000000613c00000, 0x0000000614000000, 0x0000000614000000|100%| O|  |TAMS 0x0000000613c00000| PB 0x0000000613c00000| Untracked 
|  56|0x0000000614000000, 0x0000000614400000, 0x0000000614400000|100%| O|  |TAMS 0x0000000614000000| PB 0x0000000614000000| Untracked 
|  57|0x0000000614400000, 0x0000000614800000, 0x0000000614800000|100%| O|  |TAMS 0x0000000614400000| PB 0x0000000614400000| Untracked 
|  58|0x0000000614800000, 0x0000000614c00000, 0x0000000614c00000|100%| O|  |TAMS 0x0000000614800000| PB 0x0000000614800000| Untracked 
|  59|0x0000000614c00000, 0x0000000615000000, 0x0000000615000000|100%| O|  |TAMS 0x0000000614c00000| PB 0x0000000614c00000| Untracked 
|  60|0x0000000615000000, 0x0000000615400000, 0x0000000615400000|100%| O|  |TAMS 0x0000000615000000| PB 0x0000000615000000| Untracked 
|  61|0x0000000615400000, 0x0000000615800000, 0x0000000615800000|100%| O|  |TAMS 0x0000000615400000| PB 0x0000000615400000| Untracked 
|  62|0x0000000615800000, 0x0000000615c00000, 0x0000000615c00000|100%| O|  |TAMS 0x0000000615800000| PB 0x0000000615800000| Untracked 
|  63|0x0000000615c00000, 0x0000000616000000, 0x0000000616000000|100%| O|  |TAMS 0x0000000615c00000| PB 0x0000000615c00000| Untracked 
|  64|0x0000000616000000, 0x0000000616400000, 0x0000000616400000|100%| O|  |TAMS 0x0000000616000000| PB 0x0000000616000000| Untracked 
|  65|0x0000000616400000, 0x0000000616800000, 0x0000000616800000|100%| O|  |TAMS 0x0000000616400000| PB 0x0000000616400000| Untracked 
|  66|0x0000000616800000, 0x0000000616c00000, 0x0000000616c00000|100%| O|  |TAMS 0x0000000616800000| PB 0x0000000616800000| Untracked 
|  67|0x0000000616c00000, 0x0000000617000000, 0x0000000617000000|100%| O|  |TAMS 0x0000000616c00000| PB 0x0000000616c00000| Untracked 
|  68|0x0000000617000000, 0x0000000617400000, 0x0000000617400000|100%| O|  |TAMS 0x0000000617000000| PB 0x0000000617000000| Untracked 
|  69|0x0000000617400000, 0x0000000617800000, 0x0000000617800000|100%| O|  |TAMS 0x0000000617400000| PB 0x0000000617400000| Untracked 
|  70|0x0000000617800000, 0x0000000617c00000, 0x0000000617c00000|100%| O|  |TAMS 0x0000000617800000| PB 0x0000000617800000| Untracked 
|  71|0x0000000617c00000, 0x0000000618000000, 0x0000000618000000|100%| O|  |TAMS 0x0000000617c00000| PB 0x0000000617c00000| Untracked 
|  72|0x0000000618000000, 0x0000000618400000, 0x0000000618400000|100%| O|  |TAMS 0x0000000618000000| PB 0x0000000618000000| Untracked 
|  73|0x0000000618400000, 0x0000000618800000, 0x0000000618800000|100%| O|  |TAMS 0x0000000618400000| PB 0x0000000618400000| Untracked 
|  74|0x0000000618800000, 0x0000000618c00000, 0x0000000618c00000|100%| O|  |TAMS 0x0000000618800000| PB 0x0000000618800000| Untracked 
|  75|0x0000000618c00000, 0x0000000619000000, 0x0000000619000000|100%| O|  |TAMS 0x0000000618c00000| PB 0x0000000618c00000| Untracked 
|  76|0x0000000619000000, 0x0000000619400000, 0x0000000619400000|100%| O|  |TAMS 0x0000000619000000| PB 0x0000000619000000| Untracked 
|  77|0x0000000619400000, 0x0000000619800000, 0x0000000619800000|100%| O|  |TAMS 0x0000000619400000| PB 0x0000000619400000| Untracked 
|  78|0x0000000619800000, 0x0000000619c00000, 0x0000000619c00000|100%| O|  |TAMS 0x0000000619800000| PB 0x0000000619800000| Untracked 
|  79|0x0000000619c00000, 0x000000061a000000, 0x000000061a000000|100%| O|  |TAMS 0x0000000619c00000| PB 0x0000000619c00000| Untracked 
|  80|0x000000061a000000, 0x000000061a400000, 0x000000061a400000|100%| O|  |TAMS 0x000000061a000000| PB 0x000000061a000000| Untracked 
|  81|0x000000061a400000, 0x000000061a800000, 0x000000061a800000|100%| O|CS|TAMS 0x000000061a400000| PB 0x000000061a400000| Complete 
|  82|0x000000061a800000, 0x000000061ac00000, 0x000000061ac00000|100%| O|  |TAMS 0x000000061a800000| PB 0x000000061a800000| Untracked 
|  83|0x000000061ac00000, 0x000000061b000000, 0x000000061b000000|100%| O|  |TAMS 0x000000061ac00000| PB 0x000000061ac00000| Untracked 
|  84|0x000000061b000000, 0x000000061b400000, 0x000000061b400000|100%| O|  |TAMS 0x000000061b000000| PB 0x000000061b000000| Untracked 
|  85|0x000000061b400000, 0x000000061b800000, 0x000000061b800000|100%| O|  |TAMS 0x000000061b400000| PB 0x000000061b400000| Untracked 
|  86|0x000000061b800000, 0x000000061bc00000, 0x000000061bc00000|100%| O|  |TAMS 0x000000061b800000| PB 0x000000061b800000| Untracked 
|  87|0x000000061bc00000, 0x000000061c000000, 0x000000061c000000|100%| O|  |TAMS 0x000000061bc00000| PB 0x000000061bc00000| Untracked 
|  88|0x000000061c000000, 0x000000061c400000, 0x000000061c400000|100%| O|  |TAMS 0x000000061c000000| PB 0x000000061c000000| Untracked 
|  89|0x000000061c400000, 0x000000061c800000, 0x000000061c800000|100%| O|  |TAMS 0x000000061c400000| PB 0x000000061c400000| Untracked 
|  90|0x000000061c800000, 0x000000061cc00000, 0x000000061cc00000|100%| O|  |TAMS 0x000000061c800000| PB 0x000000061c800000| Untracked 
|  91|0x000000061cc00000, 0x000000061d000000, 0x000000061d000000|100%| O|  |TAMS 0x000000061cc00000| PB 0x000000061cc00000| Untracked 
|  92|0x000000061d000000, 0x000000061d400000, 0x000000061d400000|100%| O|  |TAMS 0x000000061d000000| PB 0x000000061d000000| Untracked 
|  93|0x000000061d400000, 0x000000061d800000, 0x000000061d800000|100%| O|  |TAMS 0x000000061d400000| PB 0x000000061d400000| Untracked 
|  94|0x000000061d800000, 0x000000061dc00000, 0x000000061dc00000|100%| O|  |TAMS 0x000000061d800000| PB 0x000000061d800000| Untracked 
|  95|0x000000061dc00000, 0x000000061e000000, 0x000000061e000000|100%| O|  |TAMS 0x000000061dc00000| PB 0x000000061dc00000| Untracked 
|  96|0x000000061e000000, 0x000000061e400000, 0x000000061e400000|100%|HS|  |TAMS 0x000000061e000000| PB 0x000000061e000000| Complete 
|  97|0x000000061e400000, 0x000000061e800000, 0x000000061e800000|100%| O|  |TAMS 0x000000061e400000| PB 0x000000061e400000| Untracked 
|  98|0x000000061e800000, 0x000000061ec00000, 0x000000061ec00000|100%| O|  |TAMS 0x000000061e800000| PB 0x000000061e800000| Untracked 
|  99|0x000000061ec00000, 0x000000061f000000, 0x000000061f000000|100%| O|  |TAMS 0x000000061ec00000| PB 0x000000061ec00000| Untracked 
| 100|0x000000061f000000, 0x000000061f400000, 0x000000061f400000|100%| O|  |TAMS 0x000000061f000000| PB 0x000000061f000000| Untracked 
| 101|0x000000061f400000, 0x000000061f800000, 0x000000061f800000|100%| O|CS|TAMS 0x000000061f400000| PB 0x000000061f400000| Complete 
| 102|0x000000061f800000, 0x000000061fc00000, 0x000000061fc00000|100%| O|  |TAMS 0x000000061f800000| PB 0x000000061f800000| Untracked 
| 103|0x000000061fc00000, 0x0000000620000000, 0x0000000620000000|100%| O|  |TAMS 0x000000061fc00000| PB 0x000000061fc00000| Untracked 
| 104|0x0000000620000000, 0x0000000620400000, 0x0000000620400000|100%| O|  |TAMS 0x0000000620000000| PB 0x0000000620000000| Untracked 
| 105|0x0000000620400000, 0x0000000620800000, 0x0000000620800000|100%| O|  |TAMS 0x0000000620400000| PB 0x0000000620400000| Untracked 
| 106|0x0000000620800000, 0x0000000620c00000, 0x0000000620c00000|100%| O|  |TAMS 0x0000000620800000| PB 0x0000000620800000| Untracked 
| 107|0x0000000620c00000, 0x0000000621000000, 0x0000000621000000|100%| O|  |TAMS 0x0000000620c00000| PB 0x0000000620c00000| Untracked 
| 108|0x0000000621000000, 0x0000000621400000, 0x0000000621400000|100%| O|  |TAMS 0x0000000621000000| PB 0x0000000621000000| Untracked 
| 109|0x0000000621400000, 0x0000000621800000, 0x0000000621800000|100%| O|  |TAMS 0x0000000621400000| PB 0x0000000621400000| Untracked 
| 110|0x0000000621800000, 0x0000000621c00000, 0x0000000621c00000|100%| O|  |TAMS 0x0000000621800000| PB 0x0000000621800000| Untracked 
| 111|0x0000000621c00000, 0x0000000622000000, 0x0000000622000000|100%| O|  |TAMS 0x0000000621c00000| PB 0x0000000621c00000| Untracked 
| 112|0x0000000622000000, 0x0000000622400000, 0x0000000622400000|100%| O|  |TAMS 0x0000000622000000| PB 0x0000000622000000| Untracked 
| 113|0x0000000622400000, 0x0000000622800000, 0x0000000622800000|100%| O|  |TAMS 0x0000000622400000| PB 0x0000000622400000| Untracked 
| 114|0x0000000622800000, 0x0000000622c00000, 0x0000000622c00000|100%| O|  |TAMS 0x0000000622800000| PB 0x0000000622800000| Untracked 
| 115|0x0000000622c00000, 0x0000000623000000, 0x0000000623000000|100%| O|  |TAMS 0x0000000622c00000| PB 0x0000000622c00000| Untracked 
| 116|0x0000000623000000, 0x0000000623400000, 0x0000000623400000|100%| O|  |TAMS 0x0000000623000000| PB 0x0000000623000000| Untracked 
| 117|0x0000000623400000, 0x0000000623800000, 0x0000000623800000|100%| O|  |TAMS 0x0000000623400000| PB 0x0000000623400000| Untracked 
| 118|0x0000000623800000, 0x0000000623c00000, 0x0000000623c00000|100%| O|  |TAMS 0x0000000623800000| PB 0x0000000623800000| Untracked 
| 119|0x0000000623c00000, 0x0000000624000000, 0x0000000624000000|100%| O|  |TAMS 0x0000000623c00000| PB 0x0000000623c00000| Untracked 
| 120|0x0000000624000000, 0x0000000624400000, 0x0000000624400000|100%| O|  |TAMS 0x0000000624000000| PB 0x0000000624000000| Untracked 
| 121|0x0000000624400000, 0x0000000624800000, 0x0000000624800000|100%| O|  |TAMS 0x0000000624400000| PB 0x0000000624400000| Untracked 
| 122|0x0000000624800000, 0x0000000624c00000, 0x0000000624c00000|100%| O|  |TAMS 0x0000000624800000| PB 0x0000000624800000| Untracked 
| 123|0x0000000624c00000, 0x0000000625000000, 0x0000000625000000|100%| O|  |TAMS 0x0000000624c00000| PB 0x0000000624c00000| Untracked 
| 124|0x0000000625000000, 0x0000000625400000, 0x0000000625400000|100%| O|  |TAMS 0x0000000625000000| PB 0x0000000625000000| Untracked 
| 125|0x0000000625400000, 0x0000000625800000, 0x0000000625800000|100%| O|  |TAMS 0x0000000625400000| PB 0x0000000625400000| Untracked 
| 126|0x0000000625800000, 0x0000000625c00000, 0x0000000625c00000|100%| O|  |TAMS 0x0000000625800000| PB 0x0000000625800000| Untracked 
| 127|0x0000000625c00000, 0x0000000626000000, 0x0000000626000000|100%| O|  |TAMS 0x0000000625c00000| PB 0x0000000625c00000| Untracked 
| 128|0x0000000626000000, 0x0000000626400000, 0x0000000626400000|100%| O|  |TAMS 0x0000000626000000| PB 0x0000000626000000| Untracked 
| 129|0x0000000626400000, 0x0000000626800000, 0x0000000626800000|100%| O|  |TAMS 0x0000000626400000| PB 0x0000000626400000| Untracked 
| 130|0x0000000626800000, 0x0000000626c00000, 0x0000000626c00000|100%| O|CS|TAMS 0x0000000626800000| PB 0x0000000626800000| Complete 
| 131|0x0000000626c00000, 0x0000000627000000, 0x0000000627000000|100%| O|  |TAMS 0x0000000626c00000| PB 0x0000000626c00000| Untracked 
| 132|0x0000000627000000, 0x0000000627400000, 0x0000000627400000|100%| O|  |TAMS 0x0000000627000000| PB 0x0000000627000000| Untracked 
| 133|0x0000000627400000, 0x0000000627800000, 0x0000000627800000|100%| O|CS|TAMS 0x0000000627400000| PB 0x0000000627400000| Complete 
| 134|0x0000000627800000, 0x0000000627c00000, 0x0000000627c00000|100%| O|  |TAMS 0x0000000627800000| PB 0x0000000627800000| Untracked 
| 135|0x0000000627c00000, 0x0000000628000000, 0x0000000628000000|100%| O|  |TAMS 0x0000000627c00000| PB 0x0000000627c00000| Untracked 
| 136|0x0000000628000000, 0x0000000628400000, 0x0000000628400000|100%| O|  |TAMS 0x0000000628000000| PB 0x0000000628000000| Untracked 
| 137|0x0000000628400000, 0x0000000628800000, 0x0000000628800000|100%| O|  |TAMS 0x0000000628400000| PB 0x0000000628400000| Untracked 
| 138|0x0000000628800000, 0x0000000628c00000, 0x0000000628c00000|100%| O|  |TAMS 0x0000000628800000| PB 0x0000000628800000| Untracked 
| 139|0x0000000628c00000, 0x0000000629000000, 0x0000000629000000|100%| O|  |TAMS 0x0000000628c00000| PB 0x0000000628c00000| Untracked 
| 140|0x0000000629000000, 0x0000000629400000, 0x0000000629400000|100%| O|  |TAMS 0x0000000629000000| PB 0x0000000629000000| Untracked 
| 141|0x0000000629400000, 0x0000000629800000, 0x0000000629800000|100%| O|  |TAMS 0x0000000629400000| PB 0x0000000629400000| Untracked 
| 142|0x0000000629800000, 0x0000000629c00000, 0x0000000629c00000|100%| O|  |TAMS 0x0000000629800000| PB 0x0000000629800000| Untracked 
| 143|0x0000000629c00000, 0x000000062a000000, 0x000000062a000000|100%| O|  |TAMS 0x0000000629c00000| PB 0x0000000629c00000| Untracked 
| 144|0x000000062a000000, 0x000000062a400000, 0x000000062a400000|100%| E|CS|TAMS 0x000000062a000000| PB 0x000000062a000000| Complete 
| 145|0x000000062a400000, 0x000000062a800000, 0x000000062a800000|100%| E|CS|TAMS 0x000000062a400000| PB 0x000000062a400000| Complete 
| 146|0x000000062a800000, 0x000000062ac00000, 0x000000062ac00000|100%| E|CS|TAMS 0x000000062a800000| PB 0x000000062a800000| Complete 
| 147|0x000000062ac00000, 0x000000062b000000, 0x000000062b000000|100%| E|CS|TAMS 0x000000062ac00000| PB 0x000000062ac00000| Complete 
| 148|0x000000062b000000, 0x000000062b400000, 0x000000062b400000|100%| E|CS|TAMS 0x000000062b000000| PB 0x000000062b000000| Complete 
| 149|0x000000062b400000, 0x000000062b800000, 0x000000062b800000|100%| E|CS|TAMS 0x000000062b400000| PB 0x000000062b400000| Complete 
| 150|0x000000062b800000, 0x000000062bc00000, 0x000000062bc00000|100%| O|  |TAMS 0x000000062b800000| PB 0x000000062b800000| Untracked 
| 151|0x000000062bc00000, 0x000000062c000000, 0x000000062c000000|100%| O|  |TAMS 0x000000062bc00000| PB 0x000000062bc00000| Untracked 
| 152|0x000000062c000000, 0x000000062c400000, 0x000000062c400000|100%| O|  |TAMS 0x000000062c000000| PB 0x000000062c000000| Untracked 
| 153|0x000000062c400000, 0x000000062c800000, 0x000000062c800000|100%| O|  |TAMS 0x000000062c400000| PB 0x000000062c400000| Untracked 
| 154|0x000000062c800000, 0x000000062cc00000, 0x000000062cc00000|100%| O|  |TAMS 0x000000062c800000| PB 0x000000062c800000| Untracked 
| 155|0x000000062cc00000, 0x000000062d000000, 0x000000062d000000|100%| O|  |TAMS 0x000000062cc00000| PB 0x000000062cc00000| Untracked 
| 156|0x000000062d000000, 0x000000062d400000, 0x000000062d400000|100%| O|  |TAMS 0x000000062d000000| PB 0x000000062d000000| Untracked 
| 157|0x000000062d400000, 0x000000062d800000, 0x000000062d800000|100%| O|  |TAMS 0x000000062d400000| PB 0x000000062d400000| Untracked 
| 158|0x000000062d800000, 0x000000062dc00000, 0x000000062dc00000|100%| O|  |TAMS 0x000000062d800000| PB 0x000000062d800000| Untracked 
| 159|0x000000062dc00000, 0x000000062e000000, 0x000000062e000000|100%| E|CS|TAMS 0x000000062dc00000| PB 0x000000062dc00000| Complete 
| 160|0x000000062e000000, 0x000000062e400000, 0x000000062e400000|100%| E|CS|TAMS 0x000000062e000000| PB 0x000000062e000000| Complete 
| 161|0x000000062e400000, 0x000000062e800000, 0x000000062e800000|100%| E|CS|TAMS 0x000000062e400000| PB 0x000000062e400000| Complete 
| 162|0x000000062e800000, 0x000000062ec00000, 0x000000062ec00000|100%| E|CS|TAMS 0x000000062e800000| PB 0x000000062e800000| Complete 
| 163|0x000000062ec00000, 0x000000062f000000, 0x000000062f000000|100%| O|  |TAMS 0x000000062ec00000| PB 0x000000062ec00000| Untracked 
| 164|0x000000062f000000, 0x000000062f400000, 0x000000062f400000|100%| O|  |TAMS 0x000000062f000000| PB 0x000000062f000000| Untracked 
| 165|0x000000062f400000, 0x000000062f800000, 0x000000062f800000|100%| O|  |TAMS 0x000000062f400000| PB 0x000000062f400000| Untracked 
| 166|0x000000062f800000, 0x000000062fc00000, 0x000000062fc00000|100%| O|  |TAMS 0x000000062f800000| PB 0x000000062f800000| Untracked 
| 167|0x000000062fc00000, 0x0000000630000000, 0x0000000630000000|100%| O|  |TAMS 0x000000062fc00000| PB 0x000000062fc00000| Untracked 
| 168|0x0000000630000000, 0x0000000630400000, 0x0000000630400000|100%| O|  |TAMS 0x0000000630000000| PB 0x0000000630000000| Untracked 
| 169|0x0000000630400000, 0x0000000630800000, 0x0000000630800000|100%| O|  |TAMS 0x0000000630400000| PB 0x0000000630400000| Untracked 
| 170|0x0000000630800000, 0x0000000630c00000, 0x0000000630c00000|100%| O|CS|TAMS 0x0000000630800000| PB 0x0000000630800000| Complete 
| 171|0x0000000630c00000, 0x0000000631000000, 0x0000000631000000|100%| O|  |TAMS 0x0000000630c00000| PB 0x0000000630c00000| Untracked 
| 172|0x0000000631000000, 0x0000000631400000, 0x0000000631400000|100%| O|  |TAMS 0x0000000631000000| PB 0x0000000631000000| Untracked 
| 173|0x0000000631400000, 0x0000000631800000, 0x0000000631800000|100%| O|  |TAMS 0x0000000631400000| PB 0x0000000631400000| Untracked 
| 174|0x0000000631800000, 0x0000000631c00000, 0x0000000631c00000|100%| O|  |TAMS 0x0000000631800000| PB 0x0000000631800000| Untracked 
| 175|0x0000000631c00000, 0x0000000632000000, 0x0000000632000000|100%| O|  |TAMS 0x0000000631c00000| PB 0x0000000631c00000| Untracked 
| 176|0x0000000632000000, 0x0000000632400000, 0x0000000632400000|100%| O|  |TAMS 0x0000000632000000| PB 0x0000000632000000| Untracked 
| 177|0x0000000632400000, 0x0000000632800000, 0x0000000632800000|100%| O|  |TAMS 0x0000000632400000| PB 0x0000000632400000| Untracked 
| 178|0x0000000632800000, 0x0000000632c00000, 0x0000000632c00000|100%| O|  |TAMS 0x0000000632800000| PB 0x0000000632800000| Untracked 
| 179|0x0000000632c00000, 0x0000000633000000, 0x0000000633000000|100%| O|  |TAMS 0x0000000632c00000| PB 0x0000000632c00000| Untracked 
| 180|0x0000000633000000, 0x0000000633400000, 0x0000000633400000|100%| O|  |TAMS 0x0000000633000000| PB 0x0000000633000000| Untracked 
| 181|0x0000000633400000, 0x0000000633800000, 0x0000000633800000|100%| O|  |TAMS 0x0000000633400000| PB 0x0000000633400000| Untracked 
| 182|0x0000000633800000, 0x0000000633c00000, 0x0000000633c00000|100%| O|  |TAMS 0x0000000633800000| PB 0x0000000633800000| Untracked 
| 183|0x0000000633c00000, 0x0000000634000000, 0x0000000634000000|100%| O|  |TAMS 0x0000000633c00000| PB 0x0000000633c00000| Untracked 
| 184|0x0000000634000000, 0x0000000634400000, 0x0000000634400000|100%| O|  |TAMS 0x0000000634000000| PB 0x0000000634000000| Untracked 
| 185|0x0000000634400000, 0x0000000634800000, 0x0000000634800000|100%| O|  |TAMS 0x0000000634400000| PB 0x0000000634400000| Untracked 
| 186|0x0000000634800000, 0x0000000634c00000, 0x0000000634c00000|100%| O|  |TAMS 0x0000000634800000| PB 0x0000000634800000| Untracked 
| 187|0x0000000634c00000, 0x0000000635000000, 0x0000000635000000|100%| O|  |TAMS 0x0000000634c00000| PB 0x0000000634c00000| Untracked 
| 188|0x0000000635000000, 0x0000000635400000, 0x0000000635400000|100%| O|  |TAMS 0x0000000635000000| PB 0x0000000635000000| Untracked 
| 189|0x0000000635400000, 0x0000000635800000, 0x0000000635800000|100%| O|  |TAMS 0x0000000635400000| PB 0x0000000635400000| Untracked 
| 190|0x0000000635800000, 0x0000000635c00000, 0x0000000635c00000|100%| O|  |TAMS 0x0000000635800000| PB 0x0000000635800000| Untracked 
| 191|0x0000000635c00000, 0x0000000636000000, 0x0000000636000000|100%| O|  |TAMS 0x0000000635c00000| PB 0x0000000635c00000| Untracked 
| 192|0x0000000636000000, 0x0000000636400000, 0x0000000636400000|100%| O|  |TAMS 0x0000000636000000| PB 0x0000000636000000| Untracked 
| 193|0x0000000636400000, 0x0000000636800000, 0x0000000636800000|100%| O|  |TAMS 0x0000000636400000| PB 0x0000000636400000| Untracked 
| 194|0x0000000636800000, 0x0000000636c00000, 0x0000000636c00000|100%| O|  |TAMS 0x0000000636800000| PB 0x0000000636800000| Untracked 
| 195|0x0000000636c00000, 0x0000000637000000, 0x0000000637000000|100%| O|  |TAMS 0x0000000636c00000| PB 0x0000000636c00000| Untracked 
| 196|0x0000000637000000, 0x0000000637400000, 0x0000000637400000|100%| O|  |TAMS 0x0000000637000000| PB 0x0000000637000000| Untracked 
| 197|0x0000000637400000, 0x0000000637800000, 0x0000000637800000|100%| O|  |TAMS 0x0000000637400000| PB 0x0000000637400000| Untracked 
| 198|0x0000000637800000, 0x0000000637c00000, 0x0000000637c00000|100%| O|  |TAMS 0x0000000637800000| PB 0x0000000637800000| Untracked 
| 199|0x0000000637c00000, 0x0000000638000000, 0x0000000638000000|100%| O|  |TAMS 0x0000000637c00000| PB 0x0000000637c00000| Untracked 
| 200|0x0000000638000000, 0x0000000638400000, 0x0000000638400000|100%| O|  |TAMS 0x0000000638000000| PB 0x0000000638000000| Untracked 
| 201|0x0000000638400000, 0x0000000638800000, 0x0000000638800000|100%| O|  |TAMS 0x0000000638400000| PB 0x0000000638400000| Untracked 
| 202|0x0000000638800000, 0x0000000638c00000, 0x0000000638c00000|100%| E|CS|TAMS 0x0000000638800000| PB 0x0000000638800000| Complete 
| 203|0x0000000638c00000, 0x0000000639000000, 0x0000000639000000|100%| E|CS|TAMS 0x0000000638c00000| PB 0x0000000638c00000| Complete 
| 204|0x0000000639000000, 0x0000000639400000, 0x0000000639400000|100%| E|CS|TAMS 0x0000000639000000| PB 0x0000000639000000| Complete 
| 205|0x0000000639400000, 0x0000000639800000, 0x0000000639800000|100%| E|CS|TAMS 0x0000000639400000| PB 0x0000000639400000| Complete 
| 206|0x0000000639800000, 0x0000000639c00000, 0x0000000639c00000|100%| E|CS|TAMS 0x0000000639800000| PB 0x0000000639800000| Complete 
| 207|0x0000000639c00000, 0x000000063a000000, 0x000000063a000000|100%| E|CS|TAMS 0x0000000639c00000| PB 0x0000000639c00000| Complete 
| 208|0x000000063a000000, 0x000000063a400000, 0x000000063a400000|100%| E|CS|TAMS 0x000000063a000000| PB 0x000000063a000000| Complete 
| 209|0x000000063a400000, 0x000000063a800000, 0x000000063a800000|100%| E|CS|TAMS 0x000000063a400000| PB 0x000000063a400000| Complete 
| 210|0x000000063a800000, 0x000000063ac00000, 0x000000063ac00000|100%| E|CS|TAMS 0x000000063a800000| PB 0x000000063a800000| Complete 
| 211|0x000000063ac00000, 0x000000063b000000, 0x000000063b000000|100%| E|CS|TAMS 0x000000063ac00000| PB 0x000000063ac00000| Complete 
| 212|0x000000063b000000, 0x000000063b400000, 0x000000063b400000|100%| E|CS|TAMS 0x000000063b000000| PB 0x000000063b000000| Complete 
| 213|0x000000063b400000, 0x000000063b800000, 0x000000063b800000|100%| E|CS|TAMS 0x000000063b400000| PB 0x000000063b400000| Complete 
| 214|0x000000063b800000, 0x000000063bc00000, 0x000000063bc00000|100%| E|CS|TAMS 0x000000063b800000| PB 0x000000063b800000| Complete 
| 215|0x000000063bc00000, 0x000000063c000000, 0x000000063c000000|100%| E|CS|TAMS 0x000000063bc00000| PB 0x000000063bc00000| Complete 
| 216|0x000000063c000000, 0x000000063c400000, 0x000000063c400000|100%| O|  |TAMS 0x000000063c000000| PB 0x000000063c000000| Untracked 
| 217|0x000000063c400000, 0x000000063c800000, 0x000000063c800000|100%| O|  |TAMS 0x000000063c400000| PB 0x000000063c400000| Untracked 
| 218|0x000000063c800000, 0x000000063cc00000, 0x000000063cc00000|100%| O|  |TAMS 0x000000063c800000| PB 0x000000063c800000| Untracked 
| 219|0x000000063cc00000, 0x000000063ce00000, 0x000000063d000000| 50%| O|  |TAMS 0x000000063cc00000| PB 0x000000063cc00000| Untracked 
| 220|0x000000063d000000, 0x000000063d000000, 0x000000063d400000|  0%| F|  |TAMS 0x000000063d000000| PB 0x000000063d000000| Untracked 
| 221|0x000000063d400000, 0x000000063d400000, 0x000000063d800000|  0%| F|  |TAMS 0x000000063d400000| PB 0x000000063d400000| Untracked 
| 222|0x000000063d800000, 0x000000063d800000, 0x000000063dc00000|  0%| F|  |TAMS 0x000000063d800000| PB 0x000000063d800000| Untracked 
| 223|0x000000063dc00000, 0x000000063dc00000, 0x000000063e000000|  0%| F|  |TAMS 0x000000063dc00000| PB 0x000000063dc00000| Untracked 
| 224|0x000000063e000000, 0x000000063e1d35f0, 0x000000063e400000| 45%| S|  |TAMS 0x000000063e000000| PB 0x000000063e000000| Complete 
| 225|0x000000063e400000, 0x000000063e800000, 0x000000063e800000|100%| S|  |TAMS 0x000000063e400000| PB 0x000000063e400000| Complete 
| 226|0x000000063e800000, 0x000000063ec00000, 0x000000063ec00000|100%| S|  |TAMS 0x000000063e800000| PB 0x000000063e800000| Complete 
| 227|0x000000063ec00000, 0x000000063f000000, 0x000000063f000000|100%| S|  |TAMS 0x000000063ec00000| PB 0x000000063ec00000| Complete 
| 228|0x000000063f000000, 0x000000063f400000, 0x000000063f400000|100%| S|  |TAMS 0x000000063f000000| PB 0x000000063f000000| Complete 
| 229|0x000000063f400000, 0x000000063f800000, 0x000000063f800000|100%| S|  |TAMS 0x000000063f400000| PB 0x000000063f400000| Complete 
| 230|0x000000063f800000, 0x000000063fc00000, 0x000000063fc00000|100%| S|  |TAMS 0x000000063f800000| PB 0x000000063f800000| Complete 
| 231|0x000000063fc00000, 0x0000000640000000, 0x0000000640000000|100%| S|  |TAMS 0x000000063fc00000| PB 0x000000063fc00000| Complete 
| 232|0x0000000640000000, 0x0000000640400000, 0x0000000640400000|100%| S|  |TAMS 0x0000000640000000| PB 0x0000000640000000| Complete 
| 233|0x0000000640400000, 0x0000000640800000, 0x0000000640800000|100%| S|  |TAMS 0x0000000640400000| PB 0x0000000640400000| Complete 
| 234|0x0000000640800000, 0x0000000640c00000, 0x0000000640c00000|100%| E|CS|TAMS 0x0000000640800000| PB 0x0000000640800000| Complete 
| 235|0x0000000640c00000, 0x0000000641000000, 0x0000000641000000|100%| E|CS|TAMS 0x0000000640c00000| PB 0x0000000640c00000| Complete 
| 236|0x0000000641000000, 0x0000000641400000, 0x0000000641400000|100%| E|CS|TAMS 0x0000000641000000| PB 0x0000000641000000| Complete 
| 237|0x0000000641400000, 0x0000000641800000, 0x0000000641800000|100%| E|CS|TAMS 0x0000000641400000| PB 0x0000000641400000| Complete 
| 238|0x0000000641800000, 0x0000000641c00000, 0x0000000641c00000|100%| E|CS|TAMS 0x0000000641800000| PB 0x0000000641800000| Complete 
| 239|0x0000000641c00000, 0x0000000642000000, 0x0000000642000000|100%| E|CS|TAMS 0x0000000641c00000| PB 0x0000000641c00000| Complete 
| 240|0x0000000642000000, 0x0000000642400000, 0x0000000642400000|100%| E|CS|TAMS 0x0000000642000000| PB 0x0000000642000000| Complete 
| 241|0x0000000642400000, 0x0000000642800000, 0x0000000642800000|100%| E|CS|TAMS 0x0000000642400000| PB 0x0000000642400000| Complete 
| 242|0x0000000642800000, 0x0000000642c00000, 0x0000000642c00000|100%| E|CS|TAMS 0x0000000642800000| PB 0x0000000642800000| Complete 
| 243|0x0000000642c00000, 0x0000000643000000, 0x0000000643000000|100%| E|CS|TAMS 0x0000000642c00000| PB 0x0000000642c00000| Complete 
| 244|0x0000000643000000, 0x0000000643400000, 0x0000000643400000|100%| E|CS|TAMS 0x0000000643000000| PB 0x0000000643000000| Complete 
| 245|0x0000000643400000, 0x0000000643800000, 0x0000000643800000|100%| E|CS|TAMS 0x0000000643400000| PB 0x0000000643400000| Complete 
| 246|0x0000000643800000, 0x0000000643c00000, 0x0000000643c00000|100%| E|CS|TAMS 0x0000000643800000| PB 0x0000000643800000| Complete 
| 247|0x0000000643c00000, 0x0000000644000000, 0x0000000644000000|100%| E|CS|TAMS 0x0000000643c00000| PB 0x0000000643c00000| Complete 
| 248|0x0000000644000000, 0x0000000644400000, 0x0000000644400000|100%| E|CS|TAMS 0x0000000644000000| PB 0x0000000644000000| Complete 
| 249|0x0000000644400000, 0x0000000644800000, 0x0000000644800000|100%| E|CS|TAMS 0x0000000644400000| PB 0x0000000644400000| Complete 
| 250|0x0000000644800000, 0x0000000644c00000, 0x0000000644c00000|100%| E|CS|TAMS 0x0000000644800000| PB 0x0000000644800000| Complete 
| 251|0x0000000644c00000, 0x0000000645000000, 0x0000000645000000|100%| E|CS|TAMS 0x0000000644c00000| PB 0x0000000644c00000| Complete 
| 252|0x0000000645000000, 0x0000000645400000, 0x0000000645400000|100%| E|CS|TAMS 0x0000000645000000| PB 0x0000000645000000| Complete 
| 253|0x0000000645400000, 0x0000000645800000, 0x0000000645800000|100%| E|CS|TAMS 0x0000000645400000| PB 0x0000000645400000| Complete 
| 254|0x0000000645800000, 0x0000000645c00000, 0x0000000645c00000|100%| E|CS|TAMS 0x0000000645800000| PB 0x0000000645800000| Complete 
| 255|0x0000000645c00000, 0x0000000646000000, 0x0000000646000000|100%| E|CS|TAMS 0x0000000645c00000| PB 0x0000000645c00000| Complete 
| 256|0x0000000646000000, 0x0000000646400000, 0x0000000646400000|100%| E|CS|TAMS 0x0000000646000000| PB 0x0000000646000000| Complete 
| 257|0x0000000646400000, 0x0000000646800000, 0x0000000646800000|100%| E|CS|TAMS 0x0000000646400000| PB 0x0000000646400000| Complete 
| 258|0x0000000646800000, 0x0000000646c00000, 0x0000000646c00000|100%| E|CS|TAMS 0x0000000646800000| PB 0x0000000646800000| Complete 
| 259|0x0000000646c00000, 0x0000000647000000, 0x0000000647000000|100%| E|CS|TAMS 0x0000000646c00000| PB 0x0000000646c00000| Complete 
| 260|0x0000000647000000, 0x0000000647400000, 0x0000000647400000|100%| E|CS|TAMS 0x0000000647000000| PB 0x0000000647000000| Complete 
| 261|0x0000000647400000, 0x0000000647800000, 0x0000000647800000|100%| E|CS|TAMS 0x0000000647400000| PB 0x0000000647400000| Complete 
| 262|0x0000000647800000, 0x0000000647c00000, 0x0000000647c00000|100%| E|CS|TAMS 0x0000000647800000| PB 0x0000000647800000| Complete 
| 263|0x0000000647c00000, 0x0000000648000000, 0x0000000648000000|100%| E|CS|TAMS 0x0000000647c00000| PB 0x0000000647c00000| Complete 
| 264|0x0000000648000000, 0x0000000648400000, 0x0000000648400000|100%| E|CS|TAMS 0x0000000648000000| PB 0x0000000648000000| Complete 
| 265|0x0000000648400000, 0x0000000648800000, 0x0000000648800000|100%| E|CS|TAMS 0x0000000648400000| PB 0x0000000648400000| Complete 
| 266|0x0000000648800000, 0x0000000648c00000, 0x0000000648c00000|100%| E|CS|TAMS 0x0000000648800000| PB 0x0000000648800000| Complete 
| 267|0x0000000648c00000, 0x0000000649000000, 0x0000000649000000|100%| E|CS|TAMS 0x0000000648c00000| PB 0x0000000648c00000| Complete 
| 268|0x0000000649000000, 0x0000000649400000, 0x0000000649400000|100%| E|CS|TAMS 0x0000000649000000| PB 0x0000000649000000| Complete 
| 269|0x0000000649400000, 0x0000000649800000, 0x0000000649800000|100%| E|CS|TAMS 0x0000000649400000| PB 0x0000000649400000| Complete 
| 270|0x0000000649800000, 0x0000000649c00000, 0x0000000649c00000|100%| E|CS|TAMS 0x0000000649800000| PB 0x0000000649800000| Complete 
| 271|0x0000000649c00000, 0x000000064a000000, 0x000000064a000000|100%| E|CS|TAMS 0x0000000649c00000| PB 0x0000000649c00000| Complete 
| 272|0x000000064a000000, 0x000000064a400000, 0x000000064a400000|100%| E|CS|TAMS 0x000000064a000000| PB 0x000000064a000000| Complete 
| 273|0x000000064a400000, 0x000000064a800000, 0x000000064a800000|100%| E|CS|TAMS 0x000000064a400000| PB 0x000000064a400000| Complete 
| 274|0x000000064a800000, 0x000000064ac00000, 0x000000064ac00000|100%| E|CS|TAMS 0x000000064a800000| PB 0x000000064a800000| Complete 
| 275|0x000000064ac00000, 0x000000064b000000, 0x000000064b000000|100%| E|CS|TAMS 0x000000064ac00000| PB 0x000000064ac00000| Complete 
| 276|0x000000064b000000, 0x000000064b400000, 0x000000064b400000|100%| E|CS|TAMS 0x000000064b000000| PB 0x000000064b000000| Complete 
| 277|0x000000064b400000, 0x000000064b800000, 0x000000064b800000|100%| E|CS|TAMS 0x000000064b400000| PB 0x000000064b400000| Complete 
| 278|0x000000064b800000, 0x000000064bc00000, 0x000000064bc00000|100%| E|CS|TAMS 0x000000064b800000| PB 0x000000064b800000| Complete 
| 279|0x000000064bc00000, 0x000000064c000000, 0x000000064c000000|100%| E|CS|TAMS 0x000000064bc00000| PB 0x000000064bc00000| Complete 
| 280|0x000000064c000000, 0x000000064c400000, 0x000000064c400000|100%| E|CS|TAMS 0x000000064c000000| PB 0x000000064c000000| Complete 
| 281|0x000000064c400000, 0x000000064c800000, 0x000000064c800000|100%| E|CS|TAMS 0x000000064c400000| PB 0x000000064c400000| Complete 
| 282|0x000000064c800000, 0x000000064cc00000, 0x000000064cc00000|100%| E|CS|TAMS 0x000000064c800000| PB 0x000000064c800000| Complete 
| 283|0x000000064cc00000, 0x000000064d000000, 0x000000064d000000|100%| E|CS|TAMS 0x000000064cc00000| PB 0x000000064cc00000| Complete 
| 284|0x000000064d000000, 0x000000064d400000, 0x000000064d400000|100%| E|CS|TAMS 0x000000064d000000| PB 0x000000064d000000| Complete 
| 285|0x000000064d400000, 0x000000064d800000, 0x000000064d800000|100%| E|CS|TAMS 0x000000064d400000| PB 0x000000064d400000| Complete 
| 286|0x000000064d800000, 0x000000064dc00000, 0x000000064dc00000|100%| E|CS|TAMS 0x000000064d800000| PB 0x000000064d800000| Complete 
| 287|0x000000064dc00000, 0x000000064e000000, 0x000000064e000000|100%| E|CS|TAMS 0x000000064dc00000| PB 0x000000064dc00000| Complete 
| 288|0x000000064e000000, 0x000000064e400000, 0x000000064e400000|100%| E|CS|TAMS 0x000000064e000000| PB 0x000000064e000000| Complete 
| 289|0x000000064e400000, 0x000000064e800000, 0x000000064e800000|100%| E|CS|TAMS 0x000000064e400000| PB 0x000000064e400000| Complete 
| 290|0x000000064e800000, 0x000000064ec00000, 0x000000064ec00000|100%| E|CS|TAMS 0x000000064e800000| PB 0x000000064e800000| Complete 
| 291|0x000000064ec00000, 0x000000064f000000, 0x000000064f000000|100%| E|CS|TAMS 0x000000064ec00000| PB 0x000000064ec00000| Complete 
| 292|0x000000064f000000, 0x000000064f400000, 0x000000064f400000|100%| E|CS|TAMS 0x000000064f000000| PB 0x000000064f000000| Complete 
| 293|0x000000064f400000, 0x000000064f800000, 0x000000064f800000|100%| E|CS|TAMS 0x000000064f400000| PB 0x000000064f400000| Complete 
| 294|0x000000064f800000, 0x000000064fc00000, 0x000000064fc00000|100%| E|CS|TAMS 0x000000064f800000| PB 0x000000064f800000| Complete 
| 295|0x000000064fc00000, 0x0000000650000000, 0x0000000650000000|100%| E|CS|TAMS 0x000000064fc00000| PB 0x000000064fc00000| Complete 
| 296|0x0000000650000000, 0x0000000650400000, 0x0000000650400000|100%| E|CS|TAMS 0x0000000650000000| PB 0x0000000650000000| Complete 
| 297|0x0000000650400000, 0x0000000650800000, 0x0000000650800000|100%| E|CS|TAMS 0x0000000650400000| PB 0x0000000650400000| Complete 
| 298|0x0000000650800000, 0x0000000650c00000, 0x0000000650c00000|100%| E|CS|TAMS 0x0000000650800000| PB 0x0000000650800000| Complete 
| 299|0x0000000650c00000, 0x0000000651000000, 0x0000000651000000|100%| E|CS|TAMS 0x0000000650c00000| PB 0x0000000650c00000| Complete 
| 300|0x0000000651000000, 0x0000000651400000, 0x0000000651400000|100%| E|CS|TAMS 0x0000000651000000| PB 0x0000000651000000| Complete 
| 301|0x0000000651400000, 0x0000000651800000, 0x0000000651800000|100%| E|CS|TAMS 0x0000000651400000| PB 0x0000000651400000| Complete 
| 302|0x0000000651800000, 0x0000000651c00000, 0x0000000651c00000|100%| E|CS|TAMS 0x0000000651800000| PB 0x0000000651800000| Complete 
| 303|0x0000000651c00000, 0x0000000652000000, 0x0000000652000000|100%| E|CS|TAMS 0x0000000651c00000| PB 0x0000000651c00000| Complete 
| 304|0x0000000652000000, 0x0000000652400000, 0x0000000652400000|100%| E|CS|TAMS 0x0000000652000000| PB 0x0000000652000000| Complete 
| 305|0x0000000652400000, 0x0000000652800000, 0x0000000652800000|100%| E|CS|TAMS 0x0000000652400000| PB 0x0000000652400000| Complete 
| 306|0x0000000652800000, 0x0000000652c00000, 0x0000000652c00000|100%| E|CS|TAMS 0x0000000652800000| PB 0x0000000652800000| Complete 
| 307|0x0000000652c00000, 0x0000000653000000, 0x0000000653000000|100%| E|CS|TAMS 0x0000000652c00000| PB 0x0000000652c00000| Complete 
| 308|0x0000000653000000, 0x0000000653400000, 0x0000000653400000|100%| E|CS|TAMS 0x0000000653000000| PB 0x0000000653000000| Complete 
| 309|0x0000000653400000, 0x0000000653800000, 0x0000000653800000|100%| E|CS|TAMS 0x0000000653400000| PB 0x0000000653400000| Complete 
| 310|0x0000000653800000, 0x0000000653c00000, 0x0000000653c00000|100%| E|CS|TAMS 0x0000000653800000| PB 0x0000000653800000| Complete 
| 311|0x0000000653c00000, 0x0000000654000000, 0x0000000654000000|100%| E|CS|TAMS 0x0000000653c00000| PB 0x0000000653c00000| Complete 
| 312|0x0000000654000000, 0x0000000654400000, 0x0000000654400000|100%| E|CS|TAMS 0x0000000654000000| PB 0x0000000654000000| Complete 
| 313|0x0000000654400000, 0x0000000654800000, 0x0000000654800000|100%| E|CS|TAMS 0x0000000654400000| PB 0x0000000654400000| Complete 
| 314|0x0000000654800000, 0x0000000654c00000, 0x0000000654c00000|100%| E|CS|TAMS 0x0000000654800000| PB 0x0000000654800000| Complete 
| 315|0x0000000654c00000, 0x0000000655000000, 0x0000000655000000|100%| E|CS|TAMS 0x0000000654c00000| PB 0x0000000654c00000| Complete 
| 316|0x0000000655000000, 0x0000000655400000, 0x0000000655400000|100%| E|CS|TAMS 0x0000000655000000| PB 0x0000000655000000| Complete 
| 317|0x0000000655400000, 0x0000000655800000, 0x0000000655800000|100%| E|CS|TAMS 0x0000000655400000| PB 0x0000000655400000| Complete 
| 318|0x0000000655800000, 0x0000000655c00000, 0x0000000655c00000|100%| E|CS|TAMS 0x0000000655800000| PB 0x0000000655800000| Complete 
| 319|0x0000000655c00000, 0x0000000656000000, 0x0000000656000000|100%| E|CS|TAMS 0x0000000655c00000| PB 0x0000000655c00000| Complete 
| 320|0x0000000656000000, 0x0000000656400000, 0x0000000656400000|100%| E|CS|TAMS 0x0000000656000000| PB 0x0000000656000000| Complete 
| 321|0x0000000656400000, 0x0000000656800000, 0x0000000656800000|100%| E|CS|TAMS 0x0000000656400000| PB 0x0000000656400000| Complete 
| 322|0x0000000656800000, 0x0000000656c00000, 0x0000000656c00000|100%| E|CS|TAMS 0x0000000656800000| PB 0x0000000656800000| Complete 
| 323|0x0000000656c00000, 0x0000000657000000, 0x0000000657000000|100%| E|CS|TAMS 0x0000000656c00000| PB 0x0000000656c00000| Complete 
| 324|0x0000000657000000, 0x0000000657400000, 0x0000000657400000|100%| E|CS|TAMS 0x0000000657000000| PB 0x0000000657000000| Complete 
| 325|0x0000000657400000, 0x0000000657800000, 0x0000000657800000|100%| E|CS|TAMS 0x0000000657400000| PB 0x0000000657400000| Complete 
| 326|0x0000000657800000, 0x0000000657c00000, 0x0000000657c00000|100%| E|CS|TAMS 0x0000000657800000| PB 0x0000000657800000| Complete 
| 327|0x0000000657c00000, 0x0000000658000000, 0x0000000658000000|100%| E|CS|TAMS 0x0000000657c00000| PB 0x0000000657c00000| Complete 
| 328|0x0000000658000000, 0x0000000658400000, 0x0000000658400000|100%| E|CS|TAMS 0x0000000658000000| PB 0x0000000658000000| Complete 
| 329|0x0000000658400000, 0x0000000658800000, 0x0000000658800000|100%| E|CS|TAMS 0x0000000658400000| PB 0x0000000658400000| Complete 
| 330|0x0000000658800000, 0x0000000658c00000, 0x0000000658c00000|100%| E|CS|TAMS 0x0000000658800000| PB 0x0000000658800000| Complete 
| 331|0x0000000658c00000, 0x0000000659000000, 0x0000000659000000|100%| E|CS|TAMS 0x0000000658c00000| PB 0x0000000658c00000| Complete 
| 332|0x0000000659000000, 0x0000000659400000, 0x0000000659400000|100%| E|CS|TAMS 0x0000000659000000| PB 0x0000000659000000| Complete 
| 333|0x0000000659400000, 0x0000000659800000, 0x0000000659800000|100%| E|CS|TAMS 0x0000000659400000| PB 0x0000000659400000| Complete 
| 334|0x0000000659800000, 0x0000000659c00000, 0x0000000659c00000|100%| E|CS|TAMS 0x0000000659800000| PB 0x0000000659800000| Complete 
| 335|0x0000000659c00000, 0x000000065a000000, 0x000000065a000000|100%| E|CS|TAMS 0x0000000659c00000| PB 0x0000000659c00000| Complete 
| 336|0x000000065a000000, 0x000000065a400000, 0x000000065a400000|100%| E|CS|TAMS 0x000000065a000000| PB 0x000000065a000000| Complete 
| 337|0x000000065a400000, 0x000000065a800000, 0x000000065a800000|100%| E|CS|TAMS 0x000000065a400000| PB 0x000000065a400000| Complete 
| 338|0x000000065a800000, 0x000000065ac00000, 0x000000065ac00000|100%| E|CS|TAMS 0x000000065a800000| PB 0x000000065a800000| Complete 
| 339|0x000000065ac00000, 0x000000065b000000, 0x000000065b000000|100%| E|CS|TAMS 0x000000065ac00000| PB 0x000000065ac00000| Complete 
| 340|0x000000065b000000, 0x000000065b400000, 0x000000065b400000|100%| E|CS|TAMS 0x000000065b000000| PB 0x000000065b000000| Complete 
| 341|0x000000065b400000, 0x000000065b800000, 0x000000065b800000|100%| E|CS|TAMS 0x000000065b400000| PB 0x000000065b400000| Complete 
| 342|0x000000065b800000, 0x000000065bc00000, 0x000000065bc00000|100%| E|CS|TAMS 0x000000065b800000| PB 0x000000065b800000| Complete 
| 343|0x000000065bc00000, 0x000000065c000000, 0x000000065c000000|100%| E|CS|TAMS 0x000000065bc00000| PB 0x000000065bc00000| Complete 
| 344|0x000000065c000000, 0x000000065c400000, 0x000000065c400000|100%| E|CS|TAMS 0x000000065c000000| PB 0x000000065c000000| Complete 
| 345|0x000000065c400000, 0x000000065c800000, 0x000000065c800000|100%| E|CS|TAMS 0x000000065c400000| PB 0x000000065c400000| Complete 
| 346|0x000000065c800000, 0x000000065cc00000, 0x000000065cc00000|100%| E|CS|TAMS 0x000000065c800000| PB 0x000000065c800000| Complete 
| 347|0x000000065cc00000, 0x000000065d000000, 0x000000065d000000|100%| E|CS|TAMS 0x000000065cc00000| PB 0x000000065cc00000| Complete 
| 348|0x000000065d000000, 0x000000065d400000, 0x000000065d400000|100%| E|CS|TAMS 0x000000065d000000| PB 0x000000065d000000| Complete 
| 349|0x000000065d400000, 0x000000065d800000, 0x000000065d800000|100%| E|CS|TAMS 0x000000065d400000| PB 0x000000065d400000| Complete 
| 350|0x000000065d800000, 0x000000065dc00000, 0x000000065dc00000|100%| E|CS|TAMS 0x000000065d800000| PB 0x000000065d800000| Complete 
| 351|0x000000065dc00000, 0x000000065e000000, 0x000000065e000000|100%| E|CS|TAMS 0x000000065dc00000| PB 0x000000065dc00000| Complete 
| 352|0x000000065e000000, 0x000000065e400000, 0x000000065e400000|100%| E|CS|TAMS 0x000000065e000000| PB 0x000000065e000000| Complete 
| 353|0x000000065e400000, 0x000000065e800000, 0x000000065e800000|100%| E|CS|TAMS 0x000000065e400000| PB 0x000000065e400000| Complete 
| 354|0x000000065e800000, 0x000000065ec00000, 0x000000065ec00000|100%| E|CS|TAMS 0x000000065e800000| PB 0x000000065e800000| Complete 
| 355|0x000000065ec00000, 0x000000065f000000, 0x000000065f000000|100%| E|CS|TAMS 0x000000065ec00000| PB 0x000000065ec00000| Complete 
| 356|0x000000065f000000, 0x000000065f400000, 0x000000065f400000|100%| E|CS|TAMS 0x000000065f000000| PB 0x000000065f000000| Complete 
| 357|0x000000065f400000, 0x000000065f800000, 0x000000065f800000|100%| E|CS|TAMS 0x000000065f400000| PB 0x000000065f400000| Complete 
| 358|0x000000065f800000, 0x000000065fc00000, 0x000000065fc00000|100%| E|CS|TAMS 0x000000065f800000| PB 0x000000065f800000| Complete 
| 359|0x000000065fc00000, 0x0000000660000000, 0x0000000660000000|100%| E|CS|TAMS 0x000000065fc00000| PB 0x000000065fc00000| Complete 
| 360|0x0000000660000000, 0x0000000660400000, 0x0000000660400000|100%| E|CS|TAMS 0x0000000660000000| PB 0x0000000660000000| Complete 
| 361|0x0000000660400000, 0x0000000660800000, 0x0000000660800000|100%| E|CS|TAMS 0x0000000660400000| PB 0x0000000660400000| Complete 
| 362|0x0000000660800000, 0x0000000660c00000, 0x0000000660c00000|100%| E|CS|TAMS 0x0000000660800000| PB 0x0000000660800000| Complete 
| 363|0x0000000660c00000, 0x0000000661000000, 0x0000000661000000|100%| E|CS|TAMS 0x0000000660c00000| PB 0x0000000660c00000| Complete 
| 364|0x0000000661000000, 0x0000000661400000, 0x0000000661400000|100%| E|CS|TAMS 0x0000000661000000| PB 0x0000000661000000| Complete 
| 365|0x0000000661400000, 0x0000000661800000, 0x0000000661800000|100%| E|CS|TAMS 0x0000000661400000| PB 0x0000000661400000| Complete 
| 366|0x0000000661800000, 0x0000000661c00000, 0x0000000661c00000|100%| E|CS|TAMS 0x0000000661800000| PB 0x0000000661800000| Complete 
| 367|0x0000000661c00000, 0x0000000662000000, 0x0000000662000000|100%| E|CS|TAMS 0x0000000661c00000| PB 0x0000000661c00000| Complete 
| 368|0x0000000662000000, 0x0000000662400000, 0x0000000662400000|100%| E|CS|TAMS 0x0000000662000000| PB 0x0000000662000000| Complete 
|2010|0x00000007fc800000, 0x00000007fcc00000, 0x00000007fcc00000|100%| O|  |TAMS 0x00000007fc800000| PB 0x00000007fc800000| Untracked 
|2011|0x00000007fcc00000, 0x00000007fd000000, 0x00000007fd000000|100%| O|  |TAMS 0x00000007fcc00000| PB 0x00000007fcc00000| Untracked 
|2012|0x00000007fd000000, 0x00000007fd400000, 0x00000007fd400000|100%| O|  |TAMS 0x00000007fd000000| PB 0x00000007fd000000| Untracked 
|2013|0x00000007fd400000, 0x00000007fd800000, 0x00000007fd800000|100%| E|CS|TAMS 0x00000007fd400000| PB 0x00000007fd400000| Complete 
|2014|0x00000007fd800000, 0x00000007fdc00000, 0x00000007fdc00000|100%| E|CS|TAMS 0x00000007fd800000| PB 0x00000007fd800000| Complete 
|2015|0x00000007fdc00000, 0x00000007fe000000, 0x00000007fe000000|100%| E|CS|TAMS 0x00000007fdc00000| PB 0x00000007fdc00000| Complete 
|2016|0x00000007fe000000, 0x00000007fe400000, 0x00000007fe400000|100%| E|CS|TAMS 0x00000007fe000000| PB 0x00000007fe000000| Complete 
|2017|0x00000007fe400000, 0x00000007fe800000, 0x00000007fe800000|100%| O|  |TAMS 0x00000007fe400000| PB 0x00000007fe400000| Untracked 
|2018|0x00000007fe800000, 0x00000007fec00000, 0x00000007fec00000|100%| O|  |TAMS 0x00000007fe800000| PB 0x00000007fe800000| Untracked 
|2019|0x00000007fec00000, 0x00000007ff000000, 0x00000007ff000000|100%| E|CS|TAMS 0x00000007fec00000| PB 0x00000007fec00000| Complete 
|2020|0x00000007ff000000, 0x00000007ff400000, 0x00000007ff400000|100%| E|CS|TAMS 0x00000007ff000000| PB 0x00000007ff000000| Complete 
|2021|0x00000007ff400000, 0x00000007ff800000, 0x00000007ff800000|100%| E|CS|TAMS 0x00000007ff400000| PB 0x00000007ff400000| Complete 
|2022|0x00000007ff800000, 0x00000007ffc00000, 0x00000007ffc00000|100%| E|CS|TAMS 0x00000007ff800000| PB 0x00000007ff800000| Complete 
|2023|0x00000007ffc00000, 0x0000000800000000, 0x0000000800000000|100%| E|CS|TAMS 0x00000007ffc00000| PB 0x00000007ffc00000| Complete 

Card table byte_map: [0x00000247fcc10000,0x00000247fdbe0000] _byte_map_base: 0x00000247f9be0000

Marking Bits: (CMBitMap*) 0x00000247fb6d4670
 Bits: [0x00000247973e0000, 0x000002479f260000)

Polling page: 0x00000247f9290000

Metaspace:

Usage:
  Non-class:    228.39 MB used.
      Class:     32.34 MB used.
       Both:    260.72 MB used.

Virtual space:
  Non-class space:      256.00 MB reserved,     230.88 MB ( 90%) committed,  4 nodes.
      Class space:        1.00 GB reserved,      34.69 MB (  3%) committed,  1 nodes.
             Both:        1.25 GB reserved,     265.56 MB ( 21%) committed. 

Chunk freelists:
   Non-Class:  8.48 MB
       Class:  13.18 MB
        Both:  21.66 MB

MaxMetaspaceSize: unlimited
CompressedClassSpaceSize: 1.00 GB
Initial GC threshold: 21.00 MB
Current GC threshold: 441.50 MB
CDS: on
 - commit_granule_bytes: 65536.
 - commit_granule_words: 8192.
 - virtual_space_node_default_size: 8388608.
 - enlarge_chunks_in_place: 1.
 - use_allocation_guard: 0.


Internal statistics:

num_allocs_failed_limit: 9.
num_arena_births: 7952.
num_arena_deaths: 102.
num_vsnodes_births: 5.
num_vsnodes_deaths: 0.
num_space_committed: 4288.
num_space_uncommitted: 33.
num_chunks_returned_to_freelist: 347.
num_chunks_taken_from_freelist: 20889.
num_chunk_merges: 81.
num_chunk_splits: 13778.
num_chunks_enlarged: 8898.
num_inconsistent_stats: 0.

CodeHeap 'non-profiled nmethods': size=120000Kb used=50060Kb max_used=50060Kb free=69939Kb
 bounds [0x000002478feb0000, 0x0000024792fa0000, 0x00000247973e0000]
CodeHeap 'profiled nmethods': size=120000Kb used=58599Kb max_used=72515Kb free=61400Kb
 bounds [0x00000247883e0000, 0x000002478cac0000, 0x000002478f910000]
CodeHeap 'non-nmethods': size=5760Kb used=3766Kb max_used=3885Kb free=1993Kb
 bounds [0x000002478f910000, 0x000002478fcf0000, 0x000002478feb0000]
 total_blobs=37089 nmethods=35742 adapters=1246
 compilation: enabled
              stopped_count=0, restarted_count=0
 full_count=0

Compilation events (20 events):
Event: 762.322 Thread 0x00000247e5026ff0 97852       1       org.gradle.internal.component.model.DefaultCompatibilityCheckResult::getProducerValue (5 bytes)
Event: 762.322 Thread 0x00000247e5026ff0 nmethod 97852 0x0000024792f90710 code [0x0000024792f908a0, 0x0000024792f90970]
Event: 762.323 Thread 0x00000247e5026ff0 97853       2       com.google.common.collect.ImmutableSortedMap::fromEntries (353 bytes)
Event: 762.323 Thread 0x00000247f73377f0 nmethod 97842 0x0000024792f90a10 code [0x0000024792f90c20, 0x0000024792f91160]
Event: 762.323 Thread 0x00000247f73377f0 97843       4       com.google.common.cache.LocalCache$Segment::postReadCleanup (18 bytes)
Event: 762.323 Thread 0x00000247f73377f0 nmethod 97843 0x0000024792f91590 code [0x0000024792f91720, 0x0000024792f91808]
Event: 762.323 Thread 0x00000247f73377f0 97850       4       com.google.common.base.Equivalence::equivalent (24 bytes)
Event: 762.324 Thread 0x00000247e5026ff0 nmethod 97853 0x0000024789eb4b10 code [0x0000024789eb4f00, 0x0000024789eb6a20]
Event: 762.324 Thread 0x00000247e5026ff0 97856       3       org.gradle.internal.reflect.annotations.impl.DefaultTypeAnnotationMetadata::isAnnotationPresent (9 bytes)
Event: 762.324 Thread 0x00000247e5026ff0 nmethod 97856 0x0000024789cf7a10 code [0x0000024789cf7bc0, 0x0000024789cf7da0]
Event: 762.324 Thread 0x00000247e5026ff0 97857       1       org.gradle.api.internal.tasks.properties.InspectionSchemeFactory$InspectionSchemeImpl::getMetadataStore (5 bytes)
Event: 762.324 Thread 0x00000247e5026ff0 nmethod 97857 0x0000024792f91910 code [0x0000024792f91aa0, 0x0000024792f91b70]
Event: 762.324 Thread 0x00000247f73377f0 nmethod 97850 0x0000024792f91c10 code [0x0000024792f91dc0, 0x0000024792f91f58]
Event: 762.324 Thread 0x00000247f73377f0 97844       4       org.gradle.cache.internal.cacheops.CacheAccessOperationsStack::pushCacheAction (11 bytes)
Event: 762.326 Thread 0x00000247f73377f0 nmethod 97844 0x0000024792f92110 code [0x0000024792f922e0, 0x0000024792f92618]
Event: 762.326 Thread 0x00000247f73377f0 97851       4       com.google.common.cache.LocalCache::expiresAfterAccess (15 bytes)
Event: 762.326 Thread 0x00000247f73377f0 nmethod 97851 0x0000024792f92910 code [0x0000024792f92aa0, 0x0000024792f92b38]
Event: 762.326 Thread 0x00000247f73377f0 97854       4       org.gradle.internal.reflect.validation.ReplayingTypeValidationContext$$Lambda/0x00000247a1699c98::<init> (15 bytes)
Event: 762.327 Thread 0x00000247f73377f0 nmethod 97854 0x0000024792f92c10 code [0x0000024792f92da0, 0x0000024792f93010]
Event: 762.327 Thread 0x00000247f73377f0 97855       4       org.gradle.internal.reflect.validation.ReplayingTypeValidationContext::replay (17 bytes)

GC Heap History (20 events):
Event: 191.343 GC heap after
{Heap after GC invocations=112 (full 0):
 garbage-first heap   total 1556480K, used 686526K [0x0000000606000000, 0x0000000800000000)
  region size 4096K, 11 young (45056K), 11 survivors (45056K)
 Metaspace       used 264873K, committed 269632K, reserved 1310720K
  class space    used 33003K, committed 35328K, reserved 1048576K
}
Event: 196.646 GC heap before
{Heap before GC invocations=113 (full 0):
 garbage-first heap   total 1556480K, used 1411518K [0x0000000606000000, 0x0000000800000000)
  region size 4096K, 189 young (774144K), 11 survivors (45056K)
 Metaspace       used 266246K, committed 271040K, reserved 1310720K
  class space    used 33088K, committed 35392K, reserved 1048576K
}
Event: 196.655 GC heap after
{Heap after GC invocations=114 (full 0):
 garbage-first heap   total 1556480K, used 681100K [0x0000000606000000, 0x0000000800000000)
  region size 4096K, 10 young (40960K), 10 survivors (40960K)
 Metaspace       used 266246K, committed 271040K, reserved 1310720K
  class space    used 33088K, committed 35392K, reserved 1048576K
}
Event: 199.698 GC heap before
{Heap before GC invocations=114 (full 0):
 garbage-first heap   total 1556480K, used 1430668K [0x0000000606000000, 0x0000000800000000)
  region size 4096K, 194 young (794624K), 10 survivors (40960K)
 Metaspace       used 266291K, committed 271104K, reserved 1310720K
  class space    used 33090K, committed 35392K, reserved 1048576K
}
Event: 199.718 GC heap after
{Heap after GC invocations=115 (full 0):
 garbage-first heap   total 1556480K, used 665118K [0x0000000606000000, 0x0000000800000000)
  region size 4096K, 17 young (69632K), 17 survivors (69632K)
 Metaspace       used 266291K, committed 271104K, reserved 1310720K
  class space    used 33090K, committed 35392K, reserved 1048576K
}
Event: 200.316 GC heap before
{Heap before GC invocations=115 (full 0):
 garbage-first heap   total 1556480K, used 1398302K [0x0000000606000000, 0x0000000800000000)
  region size 4096K, 197 young (806912K), 17 survivors (69632K)
 Metaspace       used 266334K, committed 271104K, reserved 1310720K
  class space    used 33090K, committed 35392K, reserved 1048576K
}
Event: 200.334 GC heap after
{Heap after GC invocations=116 (full 0):
 garbage-first heap   total 1556480K, used 663486K [0x0000000606000000, 0x0000000800000000)
  region size 4096K, 12 young (49152K), 12 survivors (49152K)
 Metaspace       used 266334K, committed 271104K, reserved 1310720K
  class space    used 33090K, committed 35392K, reserved 1048576K
}
Event: 201.294 GC heap before
{Heap before GC invocations=117 (full 0):
 garbage-first heap   total 1556480K, used 1421246K [0x0000000606000000, 0x0000000800000000)
  region size 4096K, 198 young (811008K), 12 survivors (49152K)
 Metaspace       used 266417K, committed 271232K, reserved 1310720K
  class space    used 33091K, committed 35456K, reserved 1048576K
}
Event: 201.305 GC heap after
{Heap after GC invocations=118 (full 0):
 garbage-first heap   total 1556480K, used 662447K [0x0000000606000000, 0x0000000800000000)
  region size 4096K, 11 young (45056K), 11 survivors (45056K)
 Metaspace       used 266417K, committed 271232K, reserved 1310720K
  class space    used 33091K, committed 35456K, reserved 1048576K
}
Event: 202.349 GC heap before
{Heap before GC invocations=118 (full 0):
 garbage-first heap   total 1556480K, used 1428399K [0x0000000606000000, 0x0000000800000000)
  region size 4096K, 199 young (815104K), 11 survivors (45056K)
 Metaspace       used 266500K, committed 271296K, reserved 1310720K
  class space    used 33093K, committed 35456K, reserved 1048576K
}
Event: 202.359 GC heap after
{Heap after GC invocations=119 (full 0):
 garbage-first heap   total 1556480K, used 657999K [0x0000000606000000, 0x0000000800000000)
  region size 4096K, 11 young (45056K), 11 survivors (45056K)
 Metaspace       used 266500K, committed 271296K, reserved 1310720K
  class space    used 33093K, committed 35456K, reserved 1048576K
}
Event: 206.860 GC heap before
{Heap before GC invocations=119 (full 0):
 garbage-first heap   total 1556480K, used 1423951K [0x0000000606000000, 0x0000000800000000)
  region size 4096K, 199 young (815104K), 11 survivors (45056K)
 Metaspace       used 266635K, committed 271488K, reserved 1310720K
  class space    used 33093K, committed 35456K, reserved 1048576K
}
Event: 206.875 GC heap after
{Heap after GC invocations=120 (full 0):
 garbage-first heap   total 1556480K, used 641926K [0x0000000606000000, 0x0000000800000000)
  region size 4096K, 10 young (40960K), 10 survivors (40960K)
 Metaspace       used 266635K, committed 271488K, reserved 1310720K
  class space    used 33093K, committed 35456K, reserved 1048576K
}
Event: 208.173 GC heap before
{Heap before GC invocations=120 (full 0):
 garbage-first heap   total 1556480K, used 1432454K [0x0000000606000000, 0x0000000800000000)
  region size 4096K, 204 young (835584K), 10 survivors (40960K)
 Metaspace       used 266962K, committed 271808K, reserved 1310720K
  class space    used 33102K, committed 35456K, reserved 1048576K
}
Event: 208.182 GC heap after
{Heap after GC invocations=121 (full 0):
 garbage-first heap   total 1556480K, used 641490K [0x0000000606000000, 0x0000000800000000)
  region size 4096K, 10 young (40960K), 10 survivors (40960K)
 Metaspace       used 266962K, committed 271808K, reserved 1310720K
  class space    used 33102K, committed 35456K, reserved 1048576K
}
Event: 238.629 GC heap before
{Heap before GC invocations=122 (full 0):
 garbage-first heap   total 1556480K, used 1354194K [0x0000000606000000, 0x0000000800000000)
  region size 4096K, 186 young (761856K), 10 survivors (40960K)
 Metaspace       used 265973K, committed 270848K, reserved 1310720K
  class space    used 33044K, committed 35456K, reserved 1048576K
}
Event: 238.656 GC heap after
{Heap after GC invocations=123 (full 0):
 garbage-first heap   total 1556480K, used 704788K [0x0000000606000000, 0x0000000800000000)
  region size 4096K, 26 young (106496K), 26 survivors (106496K)
 Metaspace       used 265973K, committed 270848K, reserved 1310720K
  class space    used 33044K, committed 35456K, reserved 1048576K
}
Event: 240.258 GC heap before
{Heap before GC invocations=124 (full 0):
 garbage-first heap   total 1556480K, used 1364244K [0x0000000606000000, 0x0000000800000000)
  region size 4096K, 188 young (770048K), 26 survivors (106496K)
 Metaspace       used 266557K, committed 271424K, reserved 1310720K
  class space    used 33082K, committed 35456K, reserved 1048576K
}
Event: 240.302 GC heap after
{Heap after GC invocations=125 (full 0):
 garbage-first heap   total 1568768K, used 798316K [0x0000000606000000, 0x0000000800000000)
  region size 4096K, 24 young (98304K), 24 survivors (98304K)
 Metaspace       used 266557K, committed 271424K, reserved 1310720K
  class space    used 33082K, committed 35456K, reserved 1048576K
}
Event: 762.327 GC heap before
{Heap before GC invocations=125 (full 0):
 garbage-first heap   total 1568768K, used 1384044K [0x0000000606000000, 0x0000000800000000)
  region size 4096K, 168 young (688128K), 24 survivors (98304K)
 Metaspace       used 266982K, committed 271936K, reserved 1310720K
  class space    used 33114K, committed 35520K, reserved 1048576K
}

Dll operation events (17 events):
Event: 0.007 Loaded shared library C:\Program Files\Java\jdk-21\bin\java.dll
Event: 0.022 Loaded shared library C:\Program Files\Java\jdk-21\bin\jsvml.dll
Event: 0.040 Loaded shared library C:\Program Files\Java\jdk-21\bin\zip.dll
Event: 0.042 Loaded shared library C:\Program Files\Java\jdk-21\bin\instrument.dll
Event: 0.045 Loaded shared library C:\Program Files\Java\jdk-21\bin\net.dll
Event: 0.046 Loaded shared library C:\Program Files\Java\jdk-21\bin\nio.dll
Event: 0.047 Loaded shared library C:\Program Files\Java\jdk-21\bin\zip.dll
Event: 0.147 Loaded shared library C:\Program Files\Java\jdk-21\bin\jimage.dll
Event: 0.207 Loaded shared library C:\Program Files\Java\jdk-21\bin\verify.dll
Event: 0.256 Loaded shared library C:\Users\gabse\.gradle\native\1def1411415f61bf3af743bc5b6707747c0891f09f0c88961ee8f79bc544acac\windows-amd64\native-platform.dll
Event: 0.264 Loaded shared library C:\Users\gabse\.gradle\native\0.2.7\x86_64-windows-gnu\gradle-fileevents.dll
Event: 0.817 Loaded shared library C:\Program Files\Java\jdk-21\bin\management.dll
Event: 0.818 Loaded shared library C:\Program Files\Java\jdk-21\bin\management_ext.dll
Event: 0.887 Loaded shared library C:\Program Files\Java\jdk-21\bin\extnet.dll
Event: 0.987 Loaded shared library C:\Program Files\Java\jdk-21\bin\sunmscapi.dll
Event: 61.453 Loaded shared library C:\Program Files\Java\jdk-21\bin\rmi.dll
Event: 101.400 Loaded shared library C:\Program Files\Java\jdk-21\bin\awt.dll

Deoptimization events (20 events):
Event: 762.169 Thread 0x000002480d208520 Uncommon trap: trap_request=0xffffffde fr.pc=0x0000024790731198 relative=0x0000000000005718
Event: 762.169 Thread 0x000002480d208520 Uncommon trap: reason=class_check action=maybe_recompile pc=0x0000024790731198 method=org.gradle.internal.service.DefaultServiceRegistry.<init>(Ljava/lang/String;[Lorg/gradle/internal/service/ServiceRegistry;)V @ 98 c2
Event: 762.169 Thread 0x000002480d208520 DEOPT PACKING pc=0x0000024790731198 sp=0x000000aa08afde60
Event: 762.169 Thread 0x000002480d208520 DEOPT UNPACKING pc=0x000002478f967da2 sp=0x000000aa08afdd60 mode 2
Event: 762.175 Thread 0x000002480d208520 Uncommon trap: trap_request=0xffffffad fr.pc=0x0000024791782a20 relative=0x0000000000002600
Event: 762.175 Thread 0x000002480d208520 Uncommon trap: reason=uninitialized action=reinterpret pc=0x0000024791782a20 method=org.gradle.cache.internal.LockOnDemandCrossProcessCacheAccess.incrementLockCount()V @ 110 c2
Event: 762.175 Thread 0x000002480d208520 DEOPT PACKING pc=0x0000024791782a20 sp=0x000000aa08afb6c0
Event: 762.175 Thread 0x000002480d208520 DEOPT UNPACKING pc=0x000002478f967da2 sp=0x000000aa08afb550 mode 2
Event: 762.176 Thread 0x000002480d208520 Uncommon trap: trap_request=0xffffff45 fr.pc=0x0000024790a95eb8 relative=0x0000000000000598
Event: 762.176 Thread 0x000002480d208520 Uncommon trap: reason=unstable_if action=reinterpret pc=0x0000024790a95eb8 method=org.gradle.cache.internal.filelock.DefaultLockStateSerializer$SequenceNumberLockState.isInInitialState()Z @ 6 c2
Event: 762.176 Thread 0x000002480d208520 DEOPT PACKING pc=0x0000024790a95eb8 sp=0x000000aa08afb4a0
Event: 762.176 Thread 0x000002480d208520 DEOPT UNPACKING pc=0x000002478f967da2 sp=0x000000aa08afb330 mode 2
Event: 762.188 Thread 0x00000247e6ee5d60 DEOPT PACKING pc=0x00000247890443d4 sp=0x000000aa099ff350
Event: 762.188 Thread 0x00000247e6ee5d60 DEOPT UNPACKING pc=0x000002478f9688e2 sp=0x000000aa099fe898 mode 0
Event: 762.188 Thread 0x00000247e6ee5d60 DEOPT PACKING pc=0x0000024788deab7c sp=0x000000aa099ff460
Event: 762.188 Thread 0x00000247e6ee5d60 DEOPT UNPACKING pc=0x000002478f9688e2 sp=0x000000aa099fe920 mode 0
Event: 762.311 Thread 0x000002480d208520 Uncommon trap: trap_request=0xffffffad fr.pc=0x000002479050afa0 relative=0x00000000000004e0
Event: 762.311 Thread 0x000002480d208520 Uncommon trap: reason=uninitialized action=reinterpret pc=0x000002479050afa0 method=org.gradle.cache.internal.LockOnDemandCrossProcessCacheAccess.incrementLockCount()V @ 110 c2
Event: 762.311 Thread 0x000002480d208520 DEOPT PACKING pc=0x000002479050afa0 sp=0x000000aa08af8560
Event: 762.311 Thread 0x000002480d208520 DEOPT UNPACKING pc=0x000002478f967da2 sp=0x000000aa08af84c8 mode 2

Classes loaded (20 events):
Event: 107.739 Loading class java/util/concurrent/CompletableFuture$AsyncRun
Event: 107.739 Loading class java/util/concurrent/CompletableFuture$AsyncRun done
Event: 110.243 Loading class java/lang/StackStreamFactory
Event: 110.243 Loading class java/lang/StackStreamFactory done
Event: 110.244 Loading class java/lang/StackWalker$ExtendedOption
Event: 110.244 Loading class java/lang/StackWalker$ExtendedOption done
Event: 110.244 Loading class java/lang/StackStreamFactory$StackFrameTraverser
Event: 110.244 Loading class java/lang/StackStreamFactory$StackFrameTraverser done
Event: 110.244 Loading class java/lang/StackStreamFactory$WalkerState
Event: 110.244 Loading class java/lang/StackStreamFactory$WalkerState done
Event: 110.244 Loading class java/lang/StackStreamFactory$StackFrameTraverser$StackFrameBuffer
Event: 110.244 Loading class java/lang/StackStreamFactory$FrameBuffer
Event: 110.244 Loading class java/lang/StackStreamFactory$FrameBuffer done
Event: 110.244 Loading class java/lang/StackStreamFactory$StackFrameTraverser$StackFrameBuffer done
Event: 141.684 Loading class jdk/internal/math/FormattedFPDecimal
Event: 141.685 Loading class jdk/internal/math/FormattedFPDecimal done
Event: 184.461 Loading class com/sun/org/apache/xerces/internal/xni/grammars/XMLGrammarPool
Event: 184.461 Loading class com/sun/org/apache/xerces/internal/xni/grammars/XMLGrammarPool done
Event: 762.175 Loading class sun/nio/cs/ISO_8859_1$Encoder
Event: 762.176 Loading class sun/nio/cs/ISO_8859_1$Encoder done

Classes unloaded (20 events):
Event: 208.428 Thread 0x00000247fddc7cc0 Unloading class 0x00000247a32386b0 'jdk/internal/jimage/ImageHeader'
Event: 208.428 Thread 0x00000247fddc7cc0 Unloading class 0x00000247a3238488 'jdk/internal/jimage/BasicImageReader$2'
Event: 208.428 Thread 0x00000247fddc7cc0 Unloading class 0x00000247a3238260 'jdk/internal/jimage/BasicImageReader$1'
Event: 208.428 Thread 0x00000247fddc7cc0 Unloading class 0x00000247a3238000 'jdk/internal/jimage/ImageReader$Resource'
Event: 208.428 Thread 0x00000247fddc7cc0 Unloading class 0x00000247a3237c88 'jdk/internal/jimage/ImageReader$LinkNode'
Event: 208.428 Thread 0x00000247fddc7cc0 Unloading class 0x00000247a3237a28 'jdk/internal/jimage/ImageReader$Directory'
Event: 208.428 Thread 0x00000247fddc7cc0 Unloading class 0x00000247a32377c8 'jdk/internal/jimage/ImageReader$Node'
Event: 208.428 Thread 0x00000247fddc7cc0 Unloading class 0x00000247a32375d8 'jdk/internal/jimage/ImageStrings'
Event: 208.428 Thread 0x00000247fddc7cc0 Unloading class 0x00000247a3237320 'jdk/internal/jimage/ImageReader$SharedImageReader'
Event: 208.428 Thread 0x00000247fddc7cc0 Unloading class 0x00000247a3237068 'jdk/internal/jimage/BasicImageReader'
Event: 208.428 Thread 0x00000247fddc7cc0 Unloading class 0x00000247a3236e50 'jdk/internal/jimage/ImageReader'
Event: 208.428 Thread 0x00000247fddc7cc0 Unloading class 0x00000247a3236c30 'jdk/internal/jrtfs/SystemImage$2'
Event: 208.428 Thread 0x00000247fddc7cc0 Unloading class 0x00000247a3236a20 'jdk/internal/jrtfs/SystemImage$$Lambda+0x00000247a3236a20'
Event: 208.428 Thread 0x00000247fddc7cc0 Unloading class 0x00000247a32367f8 'jdk/internal/jrtfs/ExplodedImage'
Event: 208.428 Thread 0x00000247fddc7cc0 Unloading class 0x00000247a32365c8 'jdk/internal/jrtfs/SystemImage$1'
Event: 208.428 Thread 0x00000247fddc7cc0 Unloading class 0x00000247a3235dd8 'jdk/internal/jrtfs/SystemImage'
Event: 208.428 Thread 0x00000247fddc7cc0 Unloading class 0x00000247a3236370 'jdk/internal/jrtfs/JrtFileStore'
Event: 208.428 Thread 0x00000247fddc7cc0 Unloading class 0x00000247a3236000 'jdk/internal/jrtfs/JrtPath'
Event: 208.428 Thread 0x00000247fddc7cc0 Unloading class 0x00000247a3235ae8 'jdk/internal/jrtfs/JrtFileSystem'
Event: 208.428 Thread 0x00000247fddc7cc0 Unloading class 0x00000247a3235800 'jdk/internal/jrtfs/JrtFileSystemProvider'

Classes redefined (0 events):
No events

Internal exceptions (20 events):
Event: 241.997 Thread 0x00000247f2f72f20 Exception <a 'sun/nio/fs/WindowsException'{0x0000000643831e40}> (0x0000000643831e40) 
thrown [s\open\src\hotspot\share\prims\jni.cpp, line 520]
Event: 241.997 Thread 0x00000247f2f72f20 Exception <a 'sun/nio/fs/WindowsException'{0x000000064383b328}> (0x000000064383b328) 
thrown [s\open\src\hotspot\share\prims\jni.cpp, line 520]
Event: 241.997 Thread 0x00000247f2f72f20 Exception <a 'sun/nio/fs/WindowsException'{0x0000000643844458}> (0x0000000643844458) 
thrown [s\open\src\hotspot\share\prims\jni.cpp, line 520]
Event: 241.997 Thread 0x00000247f2f72f20 Exception <a 'sun/nio/fs/WindowsException'{0x0000000643848870}> (0x0000000643848870) 
thrown [s\open\src\hotspot\share\prims\jni.cpp, line 520]
Event: 241.997 Thread 0x00000247f2f72f20 Exception <a 'sun/nio/fs/WindowsException'{0x00000006438538f8}> (0x00000006438538f8) 
thrown [s\open\src\hotspot\share\prims\jni.cpp, line 520]
Event: 241.998 Thread 0x00000247f2f72f20 Exception <a 'sun/nio/fs/WindowsException'{0x00000006438605b0}> (0x00000006438605b0) 
thrown [s\open\src\hotspot\share\prims\jni.cpp, line 520]
Event: 241.998 Thread 0x00000247f2f72f20 Exception <a 'sun/nio/fs/WindowsException'{0x000000064386ace0}> (0x000000064386ace0) 
thrown [s\open\src\hotspot\share\prims\jni.cpp, line 520]
Event: 241.998 Thread 0x00000247f2f72f20 Exception <a 'sun/nio/fs/WindowsException'{0x000000064386fc78}> (0x000000064386fc78) 
thrown [s\open\src\hotspot\share\prims\jni.cpp, line 520]
Event: 241.998 Thread 0x00000247f2f72f20 Exception <a 'sun/nio/fs/WindowsException'{0x0000000643875908}> (0x0000000643875908) 
thrown [s\open\src\hotspot\share\prims\jni.cpp, line 520]
Event: 241.998 Thread 0x00000247f2f72f20 Exception <a 'sun/nio/fs/WindowsException'{0x00000006438813b8}> (0x00000006438813b8) 
thrown [s\open\src\hotspot\share\prims\jni.cpp, line 520]
Event: 762.187 Thread 0x000002480d208520 Exception <a 'sun/nio/fs/WindowsException'{0x00000006410255a8}> (0x00000006410255a8) 
thrown [s\open\src\hotspot\share\prims\jni.cpp, line 520]
Event: 762.187 Thread 0x000002480d208520 Exception <a 'sun/nio/fs/WindowsException'{0x0000000641026988}> (0x0000000641026988) 
thrown [s\open\src\hotspot\share\prims\jni.cpp, line 520]
Event: 762.187 Thread 0x000002480d208520 Exception <a 'sun/nio/fs/WindowsException'{0x0000000641027d58}> (0x0000000641027d58) 
thrown [s\open\src\hotspot\share\prims\jni.cpp, line 520]
Event: 762.187 Thread 0x000002480d208520 Exception <a 'sun/nio/fs/WindowsException'{0x0000000641029108}> (0x0000000641029108) 
thrown [s\open\src\hotspot\share\prims\jni.cpp, line 520]
Event: 762.194 Thread 0x000002480d208520 Exception <a 'java/lang/ClassNotFoundException'{0x00000006410cc300}: settings_cap0r59iszq0kl0r3pftrn394BeanInfo> (0x00000006410cc300) 
thrown [s\open\src\hotspot\share\classfile\systemDictionary.cpp, line 312]
Event: 762.195 Thread 0x000002480d208520 Exception <a 'java/lang/ClassNotFoundException'{0x00000006410d22b8}: settings_cap0r59iszq0kl0r3pftrn394Customizer> (0x00000006410d22b8) 
thrown [s\open\src\hotspot\share\classfile\systemDictionary.cpp, line 312]
Event: 762.313 Thread 0x000002480d208520 Exception <a 'sun/nio/fs/WindowsException'{0x000000064127ff98}> (0x000000064127ff98) 
thrown [s\open\src\hotspot\share\prims\jni.cpp, line 520]
Event: 762.314 Thread 0x000002480d208520 Exception <a 'sun/nio/fs/WindowsException'{0x00000006412818d8}> (0x00000006412818d8) 
thrown [s\open\src\hotspot\share\prims\jni.cpp, line 520]
Event: 762.314 Thread 0x000002480d208520 Exception <a 'sun/nio/fs/WindowsException'{0x0000000641283208}> (0x0000000641283208) 
thrown [s\open\src\hotspot\share\prims\jni.cpp, line 520]
Event: 762.314 Thread 0x000002480d208520 Exception <a 'sun/nio/fs/WindowsException'{0x0000000641284b18}> (0x0000000641284b18) 
thrown [s\open\src\hotspot\share\prims\jni.cpp, line 520]

ZGC Phase Switch (0 events):
No events

VM Operations (20 events):
Event: 337.824 Executing VM operation: Cleanup done
Event: 360.732 Executing VM operation: HandshakeAllThreads (HandshakeForDeflation)
Event: 360.732 Executing VM operation: HandshakeAllThreads (HandshakeForDeflation) done
Event: 360.732 Executing VM operation: RendezvousGCThreads
Event: 360.732 Executing VM operation: RendezvousGCThreads done
Event: 375.741 Executing VM operation: Cleanup
Event: 375.741 Executing VM operation: Cleanup done
Event: 379.743 Executing VM operation: Cleanup
Event: 379.743 Executing VM operation: Cleanup done
Event: 561.831 Executing VM operation: Cleanup
Event: 561.831 Executing VM operation: Cleanup done
Event: 601.236 Executing VM operation: HandshakeAllThreads (HandshakeForDeflation)
Event: 601.236 Executing VM operation: HandshakeAllThreads (HandshakeForDeflation) done
Event: 601.236 Executing VM operation: RendezvousGCThreads
Event: 601.236 Executing VM operation: RendezvousGCThreads done
Event: 661.264 Executing VM operation: Cleanup
Event: 661.264 Executing VM operation: Cleanup done
Event: 762.315 Executing VM operation: Cleanup
Event: 762.315 Executing VM operation: Cleanup done
Event: 762.327 Executing VM operation: G1CollectForAllocation (G1 Evacuation Pause)

Events (20 events):
Event: 762.165 Thread 0x000002480d20ac80 Thread added: 0x000002480d20ac80
Event: 762.166 Thread 0x000002480d208520 Thread added: 0x000002480d208520
Event: 762.168 Thread 0x000002480d207800 Thread added: 0x000002480d207800
Event: 762.168 Thread 0x000002480d20c6c0 Thread added: 0x000002480d20c6c0
Event: 762.168 Thread 0x000002480d2098d0 Thread added: 0x000002480d2098d0
Event: 762.172 Thread 0x000002480d209240 Thread added: 0x000002480d209240
Event: 762.174 Thread 0x000002480d2101d0 Thread added: 0x000002480d2101d0
Event: 762.191 Thread 0x00000247f73377f0 Thread added: 0x00000247f73377f0
Event: 762.191 Thread 0x00000247f7337ec0 Thread added: 0x00000247f7337ec0
Event: 762.196 Thread 0x000002480d20cd50 Thread added: 0x000002480d20cd50
Event: 762.202 Thread 0x000002480d20e790 Thread added: 0x000002480d20e790
Event: 762.206 Thread 0x000002480d20ee20 Thread added: 0x000002480d20ee20
Event: 762.206 Thread 0x000002480d210860 Thread added: 0x000002480d210860
Event: 762.306 Thread 0x000002480d211580 Thread added: 0x000002480d211580
Event: 762.307 Thread 0x000002480d20e100 Thread added: 0x000002480d20e100
Event: 762.310 Thread 0x000002480d211c10 Thread added: 0x000002480d211c10
Event: 762.321 Thread 0x000002480d212930 Thread added: 0x000002480d212930
Event: 762.322 Thread 0x000002480d215090 Thread added: 0x000002480d215090
Event: 762.322 Thread 0x000002480d214a00 Thread added: 0x000002480d214a00
Event: 762.322 Thread 0x000002480d213650 Thread added: 0x000002480d213650


Dynamic libraries:
0x00007ff70bcc0000 - 0x00007ff70bcd0000 	C:\Program Files\Java\jdk-21\bin\java.exe
0x00007ffa0b540000 - 0x00007ffa0b7a7000 	C:\WINDOWS\SYSTEM32\ntdll.dll
0x00007ffa0a700000 - 0x00007ffa0a7c9000 	C:\WINDOWS\System32\KERNEL32.DLL
0x00007ffa08800000 - 0x00007ffa08bef000 	C:\WINDOWS\System32\KERNELBASE.dll
0x00007ffa08d70000 - 0x00007ffa08ebb000 	C:\WINDOWS\System32\ucrtbase.dll
0x00007ff967b60000 - 0x00007ff967b7b000 	C:\Program Files\Java\jdk-21\bin\VCRUNTIME140.dll
0x00007ff967b80000 - 0x00007ff967b99000 	C:\Program Files\Java\jdk-21\bin\jli.dll
0x00007ffa0a7e0000 - 0x00007ffa0a894000 	C:\WINDOWS\System32\ADVAPI32.dll
0x00007ffa09fe0000 - 0x00007ffa0a089000 	C:\WINDOWS\System32\msvcrt.dll
0x00007ffa092e0000 - 0x00007ffa09386000 	C:\WINDOWS\System32\sechost.dll
0x00007ffa0b390000 - 0x00007ffa0b4a8000 	C:\WINDOWS\System32\RPCRT4.dll
0x00007ffa09640000 - 0x00007ffa09805000 	C:\WINDOWS\System32\USER32.dll
0x00007ffa087d0000 - 0x00007ffa087f7000 	C:\WINDOWS\System32\win32u.dll
0x00007ffa07900000 - 0x00007ffa07b93000 	C:\WINDOWS\WinSxS\amd64_microsoft.windows.common-controls_6595b64144ccf1df_6.0.26100.7309_none_3e05feeae336a044\COMCTL32.dll
0x00007ffa0a170000 - 0x00007ffa0a19b000 	C:\WINDOWS\System32\GDI32.dll
0x00007ffa08ec0000 - 0x00007ffa08fec000 	C:\WINDOWS\System32\gdi32full.dll
0x00007ffa08c00000 - 0x00007ffa08ca3000 	C:\WINDOWS\System32\msvcp_win.dll
0x00007ffa01040000 - 0x00007ffa0104b000 	C:\WINDOWS\SYSTEM32\VERSION.dll
0x00007ffa0ab50000 - 0x00007ffa0ab81000 	C:\WINDOWS\System32\IMM32.DLL
0x00007ff9e17f0000 - 0x00007ff9e17fc000 	C:\Program Files\Java\jdk-21\bin\vcruntime140_1.dll
0x00007ff967ad0000 - 0x00007ff967b5e000 	C:\Program Files\Java\jdk-21\bin\msvcp140.dll
0x00007ff966db0000 - 0x00007ff967acd000 	C:\Program Files\Java\jdk-21\bin\server\jvm.dll
0x00007ffa093e0000 - 0x00007ffa09454000 	C:\WINDOWS\System32\WS2_32.dll
0x00007ffa08280000 - 0x00007ffa082de000 	C:\WINDOWS\SYSTEM32\POWRPROF.dll
0x00007ff9fca20000 - 0x00007ff9fca55000 	C:\WINDOWS\SYSTEM32\WINMM.dll
0x00007ffa08260000 - 0x00007ffa08274000 	C:\WINDOWS\SYSTEM32\UMPDC.dll
0x00007ffa06ad0000 - 0x00007ffa06aeb000 	C:\WINDOWS\SYSTEM32\kernel.appcore.dll
0x00007ff9d8690000 - 0x00007ff9d869a000 	C:\Program Files\Java\jdk-21\bin\jimage.dll
0x00007ffa07ef0000 - 0x00007ffa08132000 	C:\WINDOWS\SYSTEM32\DBGHELP.DLL
0x00007ffa0a1a0000 - 0x00007ffa0a525000 	C:\WINDOWS\System32\combase.dll
0x00007ffa0a090000 - 0x00007ffa0a166000 	C:\WINDOWS\System32\OLEAUT32.dll
0x00007ffa07da0000 - 0x00007ffa07ddc000 	C:\WINDOWS\SYSTEM32\dbgcore.DLL
0x00007ffa08690000 - 0x00007ffa08735000 	C:\WINDOWS\System32\bcryptPrimitives.dll
0x00007ff99cbf0000 - 0x00007ff99cbff000 	C:\Program Files\Java\jdk-21\bin\instrument.dll
0x00007ff966d90000 - 0x00007ff966daf000 	C:\Program Files\Java\jdk-21\bin\java.dll
0x00007ffa09810000 - 0x00007ffa09f63000 	C:\WINDOWS\System32\SHELL32.dll
0x00007ffa09170000 - 0x00007ffa092da000 	C:\WINDOWS\System32\wintypes.dll
0x00007ffa057c0000 - 0x00007ffa0601e000 	C:\WINDOWS\SYSTEM32\windows.storage.dll
0x00007ffa0a5f0000 - 0x00007ffa0a6e5000 	C:\WINDOWS\System32\SHCORE.dll
0x00007ffa09f70000 - 0x00007ffa09fd6000 	C:\WINDOWS\System32\shlwapi.dll
0x00007ffa085b0000 - 0x00007ffa085d9000 	C:\WINDOWS\SYSTEM32\profapi.dll
0x00007ff966cb0000 - 0x00007ff966d87000 	C:\Program Files\Java\jdk-21\bin\jsvml.dll
0x00007ff966c70000 - 0x00007ff966c88000 	C:\Program Files\Java\jdk-21\bin\zip.dll
0x00007ff9cbd50000 - 0x00007ff9cbd60000 	C:\Program Files\Java\jdk-21\bin\net.dll
0x00007ffa00e50000 - 0x00007ffa00f78000 	C:\WINDOWS\SYSTEM32\WINHTTP.dll
0x00007ffa06fe0000 - 0x00007ffa0704b000 	C:\WINDOWS\system32\mswsock.dll
0x00007ff966c90000 - 0x00007ff966ca6000 	C:\Program Files\Java\jdk-21\bin\nio.dll
0x00007ff9cf700000 - 0x00007ff9cf710000 	C:\Program Files\Java\jdk-21\bin\verify.dll
0x00007ff99cc00000 - 0x00007ff99cc27000 	C:\Users\gabse\.gradle\native\1def1411415f61bf3af743bc5b6707747c0891f09f0c88961ee8f79bc544acac\windows-amd64\native-platform.dll
0x00007ff963710000 - 0x00007ff963788000 	C:\Users\gabse\.gradle\native\0.2.7\x86_64-windows-gnu\gradle-fileevents.dll
0x00007ff99d3e0000 - 0x00007ff99d3ea000 	C:\Program Files\Java\jdk-21\bin\management.dll
0x00007ff9994d0000 - 0x00007ff9994db000 	C:\Program Files\Java\jdk-21\bin\management_ext.dll
0x00007ffa0a7d0000 - 0x00007ffa0a7d8000 	C:\WINDOWS\System32\PSAPI.DLL
0x00007ffa06500000 - 0x00007ffa06534000 	C:\WINDOWS\SYSTEM32\IPHLPAPI.DLL
0x00007ffa0a6f0000 - 0x00007ffa0a6fa000 	C:\WINDOWS\System32\NSI.dll
0x00007ff996010000 - 0x00007ff996019000 	C:\Program Files\Java\jdk-21\bin\extnet.dll
0x00007ffa08240000 - 0x00007ffa0825b000 	C:\WINDOWS\SYSTEM32\CRYPTSP.dll
0x00007ffa07480000 - 0x00007ffa074ba000 	C:\WINDOWS\system32\rsaenh.dll
0x00007ffa07050000 - 0x00007ffa0707b000 	C:\WINDOWS\SYSTEM32\USERENV.dll
0x00007ffa08580000 - 0x00007ffa085aa000 	C:\WINDOWS\SYSTEM32\bcrypt.dll
0x00007ffa07690000 - 0x00007ffa0769c000 	C:\WINDOWS\SYSTEM32\CRYPTBASE.dll
0x00007ff996e80000 - 0x00007ff996e8e000 	C:\Program Files\Java\jdk-21\bin\sunmscapi.dll
0x00007ffa08ff0000 - 0x00007ffa09167000 	C:\WINDOWS\System32\CRYPT32.dll
0x00007ffa07750000 - 0x00007ffa07780000 	C:\WINDOWS\SYSTEM32\ncrypt.dll
0x00007ffa07640000 - 0x00007ffa0767f000 	C:\WINDOWS\SYSTEM32\NTASN1.dll
0x00007ffa07e40000 - 0x00007ffa07e48000 	C:\WINDOWS\system32\wshunix.dll
0x00007ffa048b0000 - 0x00007ffa048c8000 	C:\WINDOWS\system32\napinsp.dll
0x00007ffa065f0000 - 0x00007ffa0671c000 	C:\WINDOWS\SYSTEM32\DNSAPI.dll
0x00007ffa04890000 - 0x00007ffa048a2000 	C:\WINDOWS\System32\winrnr.dll
0x00007ff9b95f0000 - 0x00007ff9b9612000 	C:\WINDOWS\system32\nlansp_c.dll
0x00007ff9ce6a0000 - 0x00007ff9ce6b6000 	C:\WINDOWS\system32\wshbth.dll
0x00007ff9f4df0000 - 0x00007ff9f4dfb000 	C:\Windows\System32\rasadhlp.dll
0x00007ffa00b90000 - 0x00007ffa00c16000 	C:\WINDOWS\System32\fwpuclnt.dll
0x00007ffa07e90000 - 0x00007ffa07ec6000 	C:\WINDOWS\SYSTEM32\ntmarta.dll
0x00007ffa04870000 - 0x00007ffa04877000 	C:\Program Files\Java\jdk-21\bin\rmi.dll
0x00007ff924d00000 - 0x00007ff924e8f000 	C:\Program Files\Java\jdk-21\bin\awt.dll
0x00007ffa04970000 - 0x00007ffa04a0f000 	C:\WINDOWS\SYSTEM32\apphelp.dll
0x00007ffa04a90000 - 0x00007ffa04b3b000 	C:\WINDOWS\system32\uxtheme.dll
0x00007ffa0ab90000 - 0x00007ffa0acee000 	C:\WINDOWS\System32\MSCTF.dll
0x00007ffa0a9b0000 - 0x00007ffa0ab47000 	C:\WINDOWS\System32\ole32.dll

dbghelp: loaded successfully - version: 4.0.5 - missing functions: none
symbol engine: initialized successfully - sym options: 0x614 - pdb path: .;C:\Program Files\Java\jdk-21\bin;C:\WINDOWS\SYSTEM32;C:\WINDOWS\WinSxS\amd64_microsoft.windows.common-controls_6595b64144ccf1df_6.0.26100.7309_none_3e05feeae336a044;C:\Program Files\Java\jdk-21\bin\server;C:\Users\gabse\.gradle\native\1def1411415f61bf3af743bc5b6707747c0891f09f0c88961ee8f79bc544acac\windows-amd64;C:\Users\gabse\.gradle\native\0.2.7\x86_64-windows-gnu

VM Arguments:
jvm_args: --add-opens=java.base/java.lang=ALL-UNNAMED --add-opens=java.base/java.lang.invoke=ALL-UNNAMED --add-opens=java.base/java.util=ALL-UNNAMED --add-opens=java.prefs/java.util.prefs=ALL-UNNAMED --add-exports=jdk.compiler/com.sun.tools.javac.api=ALL-UNNAMED --add-exports=jdk.compiler/com.sun.tools.javac.util=ALL-UNNAMED --add-opens=java.base/java.util=ALL-UNNAMED --add-opens=java.prefs/java.util.prefs=ALL-UNNAMED --add-opens=java.base/java.nio.charset=ALL-UNNAMED --add-opens=java.base/java.net=ALL-UNNAMED --add-opens=java.base/java.util.concurrent.atomic=ALL-UNNAMED --add-opens=java.xml/javax.xml.namespace=ALL-UNNAMED -Dfile.encoding=UTF-8 -Duser.country=US -Duser.language=en -Duser.variant -javaagent:C:\Users\gabse\.gradle\wrapper\dists\gradle-8.13-bin\5xuhj0ry160q40clulazy9h7d\gradle-8.13\lib\agents\gradle-instrumentation-agent-8.13.jar 
java_command: org.gradle.launcher.daemon.bootstrap.GradleDaemon 8.13
java_class_path (initial): C:\Users\gabse\.gradle\wrapper\dists\gradle-8.13-bin\5xuhj0ry160q40clulazy9h7d\gradle-8.13\lib\gradle-daemon-main-8.13.jar
Launcher Type: SUN_STANDARD

[Global flags]
     intx CICompilerCount                          = 4                                         {product} {ergonomic}
     uint ConcGCThreads                            = 3                                         {product} {ergonomic}
     uint G1ConcRefinementThreads                  = 10                                        {product} {ergonomic}
   size_t G1HeapRegionSize                         = 4194304                                   {product} {ergonomic}
    uintx GCDrainStackTargetSize                   = 64                                        {product} {ergonomic}
   size_t InitialHeapSize                          = 532676608                                 {product} {ergonomic}
   size_t MarkStackSize                            = 4194304                                   {product} {ergonomic}
   size_t MaxHeapSize                              = 8489271296                                {product} {ergonomic}
   size_t MaxNewSize                               = 5091885056                                {product} {ergonomic}
   size_t MinHeapDeltaBytes                        = 4194304                                   {product} {ergonomic}
   size_t MinHeapSize                              = 8388608                                   {product} {ergonomic}
    uintx NonNMethodCodeHeapSize                   = 5839372                                {pd product} {ergonomic}
    uintx NonProfiledCodeHeapSize                  = 122909434                              {pd product} {ergonomic}
    uintx ProfiledCodeHeapSize                     = 122909434                              {pd product} {ergonomic}
    uintx ReservedCodeCacheSize                    = 251658240                              {pd product} {ergonomic}
     bool SegmentedCodeCache                       = true                                      {product} {ergonomic}
   size_t SoftMaxHeapSize                          = 8489271296                             {manageable} {ergonomic}
     bool UseCompressedOops                        = true                           {product lp64_product} {ergonomic}
     bool UseG1GC                                  = true                                      {product} {ergonomic}
     bool UseLargePagesIndividualAllocation        = false                                  {pd product} {ergonomic}

Logging:
Log output configuration:
 #0: stdout all=warning uptime,level,tags foldmultilines=false
 #1: stderr all=off uptime,level,tags foldmultilines=false

Environment Variables:
JAVA_HOME=C:\Program Files\Java\jdk-21
CLASSPATH=C:\Beepney\beepney\Beepney-Project\Application\frontend\android\\gradle\wrapper\gradle-wrapper.jar
PATH=C:\Program Files\Common Files\Oracle\Java\javapath;C:\Program Files (x86)\Common Files\Oracle\Java\java8path;C:\Program Files (x86)\Common Files\Oracle\Java\javapath;C:\Python314\Scripts\;C:\Python314\;C:\WINDOWS\system32;C:\WINDOWS;C:\WINDOWS\System32\Wbem;C:\WINDOWS\System32\WindowsPowerShell\v1.0\;C:\WINDOWS\System32\OpenSSH\;C:\Program Files\NVIDIA Corporation\NVIDIA App\NvDLISR;C:\Program Files (x86)\NVIDIA Corporation\PhysX\Common;C:\ProgramData\chocolatey\bin;C:\Program Files\Git\cmd;C:\Users\gabse\AppData\Local\nvm;C:\nvm4w\nodejs;C:\Users\gabse\AppData\Roaming\npm;$($Env:PATH);C:\Users\gabse\AppData\Local\GitHubDesktop\bin;C:\Users\gabse\AppData\Local\Programs\Microsoft VS Code\bin;C:\Users\gabse\AppData\Roaming\npm\node_modules\eas-cli\bin;C:\Users\gabse\AppData\Local\nvm;C:\nvm4w\nodejs
USERNAME=gabse
LANG=en_US.UTF-8
OS=Windows_NT
PROCESSOR_IDENTIFIER=AMD64 Family 25 Model 117 Stepping 2, AuthenticAMD
TMP=C:\Users\gabse\AppData\Local\Temp
TEMP=C:\Users\gabse\AppData\Local\Temp




Periodic native trim disabled

---------------  S Y S T E M  ---------------

OS:
 Windows 11 , 64 bit Build 26100 (10.0.26100.7309)
OS uptime: 0 days 0:13 hours
Hyper-V role detected

CPU: total 12 (initial active 12) (12 cores per cpu, 2 threads per core) family 25 model 117 stepping 2 microcode 0xa70520a, cx8, cmov, fxsr, ht, mmx, 3dnowpref, sse, sse2, sse3, ssse3, sse4a, sse4.1, sse4.2, popcnt, lzcnt, tsc, tscinvbit, avx, avx2, aes, erms, clmul, bmi1, bmi2, adx, avx512f, avx512dq, avx512cd, avx512bw, avx512vl, sha, fma, vzeroupper, avx512_vpopcntdq, avx512_vpclmulqdq, avx512_vaes, avx512_vnni, clflush, clflushopt, avx512_vbmi2, avx512_vbmi, hv, rdtscp, rdpid, fsrm, gfni, avx512_bitalg, f16c, cet_ss, avx512_ifma
Processor Information for all 12 processors :
  Max Mhz: 4200, Current Mhz: 4200, Mhz Limit: 4200

Memory: 4k page, system-wide physical 32377M (9606M free)
TotalPageFile size 34425M (AvailPageFile size 9548M)
current process WorkingSet (physical memory assigned to process): 2285M, peak: 2412M
current process commit charge ("private bytes"): 2343M, peak: 2497M

vm_info: Java HotSpot(TM) 64-Bit Server VM (21.0.9+7-LTS-338) for windows-amd64 JRE (21.0.9+7-LTS-338), built on 2025-09-26T06:33:49Z by "mach5run" with MS VC++ 17.6 (VS2022)

END.
